ResponseId,age_cat,gov,gender
R_3haUYifDpQTjKFD,2,Ben Arous,Male
R_egGKCwGvvDiDznr,2,Ariana,Male
R_2am2QTSZ9mSAiGN,3,Ben Arous,Male
R_3PoFOHSEfkIzGv4,2,Mannouba,Male
R_eeq3eOJXohIlPtT,4,Sousse,Male
R_TaNCBCVtoRpA10J,8,Tozeur,Male
R_erHRiDrpVtKiM5r,9,Mahdia,Male
R_POH4rx2oXzE7Glr,8,Tunis,Male
R_2gZv9MIEfKaBrLX,1,Ben Arous,Male
R_VJwa7KUfOgyn93X,11,Tataouine,Male
R_1r0y4kLUScYmH9s,6,Ben Arous,Female
R_1DwjfgWNzwQSSw1,7,Tunis,Male
R_1OE34yAAPj41OrA,4,Bizerte,Male
R_4GkgHBIbR7girQJ,6,Kairouan,Male
R_eP8chLNvjbkgw5H,6,Ben Arous,Male
R_23UiZQILepypn4U,13,Sousse,Male
R_Pv8JY5E7D1rKlMJ,8,Ben Arous,Male
R_ZgiGnkkzwKPm40N,11,Nabeul,Male
R_2fHCjHWl4Vvjk3X,11,Siliana,Male
R_1nT5HtJXsbNuV23,9,Tunis,Male
R_0x2B20h1GJ2uTS1,8,Ariana,Female
R_2fJLSDzmp6vZFNJ,6,Kebili,Male
R_2TBgAdF42ygropn,3,Tunis,Female
R_2zey3V9BLt7bwOB,10,Tunis,Male
R_3e4Q5w9D8D5WXYM,12,Tunis,Male
R_1DSxXQT48SmGmbf,3,Gafsa,Female
R_1KvhvLz4RCQo2DV,8,Mannouba,Male
R_1FKERkSqX9MZo6v,8,Sfax,Male
R_27W2r1yCuGyiwXp,9,Ben Arous,Male
R_2uNvPs1u2kUZiCQ,12,Tunis,Female
R_1OxgOjcyQ639vOR,9,Tunis,Male
R_72hEKWLOOAzj5EB,13,Sousse,Male
R_RfpFTipDPTADNOV,6,Tunis,Female
R_2ab1ki6ltzGBD7h,10,Tunis,Female
R_1GCaJBG1c87uo8x,14,Nabeul,Male
R_5ouyBxsQwLiutEd,4,Bizerte,Female
R_2QrLL485UEtgwSd,3,Tunis,Male
R_1DHWnHi6JoLqF7C,8,Ben Arous,Male
R_qz7JmDmVw1Y4JZ7,10,Sfax,Male
R_24tQXz35gq1Okwl,12,Gabès,Male
R_3LgSjRJ4v3udQ1M,14,Médenine,Male
R_2SCeD2byRMHQsor,10,Ariana,Female
R_123enhlv4eUHYCr,3,Ariana,Male
R_2wsmA5lYP4iJLUt,11,Médenine,Female
R_25SYc4qx9oNMryL,9,Ben Arous,Male
R_2g8IUOBDUqnNQ6l,6,Nabeul,Female
R_2UXwppghEw4a0Kn,10,Ariana,Male
R_afJmSk5QJe2kw49,9,Tunis,Male
R_1Eb2nJVplTkapjU,9,Tunis,Female
R_sNMmdRCB2SjQhuF,6,Sidi Bouzid,Female
R_2wHLFtddMy4hkef,11,Ben Arous,Male
R_22txoFfF3dLsEag,5,Gafsa,Male
R_1LvTjuKED9OdZlf,11,Zaghouan,Female
R_2Etq842SzFZrYs8,9,Sfax,Male
R_25FnhfA8CC2VipZ,12,Sfax,Male
R_3p5ALofElZomkZk,10,Bizerte,Female
R_e9usCUdSilZD9bX,10,Tunis,Male
R_26grByhcDY6nyNY,6,Tunis,Female
R_1KflVkWghCgwB2z,10,Tunis,Male
R_2VF1aVb6Q9GA0Lq,12,Nabeul,Male
R_2V1GnGJTE5Gj8LE,13,Ariana,Female
R_30oT1xdbVLZtQTb,11,Sousse,Male
R_3iPEwsBau60IRG1,11,Tunis,Male
R_3ktfGeQBXJTjLXs,9,Tunis,Female
R_2cd4dIb6EdqFUeH,9,Siliana,Male
R_YQRg5EikTCMohcl,2,Tunis,Male
R_1cT8kb0f8xMvBXa,7,Bizerte,Male
R_1GTyrtr4tvWEqCK,11,Sfax,Female
R_27vAfHulT4JYaoZ,2,Ben Arous,Female
R_1M6sXe69uVAmpY5,11,Sfax,Other:
R_Q4xpCJ9fiV8V6QV,10,Ben Arous,Male
R_2S1yok6C6AO3ljg,8,Ariana,Male
R_AL63iVXSQwA1dFD,6,Nabeul,Male
R_1QF9kMdD2eUUEJc,12,Ben Arous,Male
R_1Gv7lIGa2pcSjOS,6,Tunis,Male
R_VLpH9hEHbgJEvC1,10,Sousse,Male
R_D2zIudgLxyzguIN,10,Kairouan,Male
R_2DMhA8NtozJuWRD,2,Gafsa,Female
R_3GDrQ3tMNmOxEvq,9,Tunis,Male
R_3LkbuFMTxxhcFQU,9,Bizerte,Female
R_2Eze4azbxWxnsqM,5,Sousse,Female
R_2TXFYVVKGk8lNke,6,Tunis,Male
R_1r35j7V4t0Awkbg,10,Tunis,Male
R_1pyQd76a7bJlBpK,12,Gabès,Male
R_pzMoqcBGelcdqsp,10,Ben Arous,Male
R_eVtNj5LmYKxlSsV,9,Sousse,Male
R_2uUQMnQjMKQscx2,3,Tunis,Male
R_2fjNFRp7fRoq0qU,9,Monastir,Male
R_3J5kabrNommWp3A,10,Sousse,Male
R_1QilMaYPwGvMdiN,9,Tunis,Female
R_231fhy5rmFdZVIS,5,Ariana,Male
R_3GwdIrBM8WAUkf5,8,Nabeul,Male
R_1ocfLAxBax27Pim,8,Tunis,Female
R_3b1zfC5DSs5ScBX,10,Tunis,Female
R_UJu37SB2yKkO9ot,12,Tunis,Male
R_2y9kD0HCD7zZiNH,10,Sfax,Male
R_1LvXC3exgRzwGVk,9,Tunis,Female
R_3p5dGThy8Oepq1B,2,Tunis,Female
R_1FLFBEOIeisSZiA,10,Ariana,Male
R_3Empq3hWvaztKSU,12,Tunis,Male
R_2QsO1x7ZDfZUvnB,8,Bizerte,Male
R_yjRQmETKjQdJhn3,6,Ben Arous,Female
R_22LFe9AxFxgYlRQ,11,Ben Arous,Female
R_1DD6gzAgcmZL2aa,9,Ariana,Male
R_33kWtgibEynfcbK,11,Tunis,Male
R_ddwH7GTkTDzDvxL,2,Sousse,Male
R_2c8FHJDOZdQ9Oqw,7,Tunis,Female
R_ZvDZL0rZu7MrnEJ,8,Nabeul,Male
R_2R39IIlc97fY3aS,9,Ben Arous,Female
R_smOm3UZxXftS5c5,7,Ariana,Female
R_qLwmHIjHe91ROTv,11,Ben Arous,Female
R_PBqzPgNhc2I8diN,11,Ben Arous,Male
R_uyqw48GK1xviNtT,11,Sousse,Male
R_1KfHvWPoILxlTmJ,13,Ben Arous,Male
R_3Ep80uhGLvK2bY5,5,Sousse,Male
R_1fdAAfCImA02qaN,5,Ben Arous,Male
R_3yM9cEstWDoVu4V,8,Ariana,Female
R_3JCTm1IJfnraPTv,11,Tunis,Female
R_2VjTjE1XDZ0lRmM,12,Jendouba,Male
R_1QfTeLYSsH54wFz,8,Mannouba,Female
R_2Tnr02ITKnFs4CQ,9,Sfax,Male
R_5C0TvjYC9bGlGVP,2,Tunis,Female
R_1ozmQKKdCsHRTQH,4,Tunis,Male
R_1LYBIgPSBYEjbOC,7,Ben Arous,Female
R_SQ7QqduXLacxI4x,10,Nabeul,Male
R_2EzAcIcOof7zXxf,3,Ben Arous,Female
R_2TpcNlzOvsDQaXN,6,Ben Arous,Female
R_1IMZYAOJ8mZdWgT,9,Le Kef,Male
R_YPJUoC6koOpsoQp,12,Gafsa,Male
R_2ASyBTJJwVZIN6D,10,Tunis,Male
R_2EB0xameC7Kkpoa,11,Tunis,Male
R_2CJ8bihe0L5Zdoe,8,Monastir,Male
R_vVUE8HjO5lheYKJ,6,Sousse,Male
R_2wc6g4F1Bl2uWsT,6,Mahdia,Male
R_1Kg68sKeMTJjBhS,12,Tunis,Male
R_25N5yboG0mril1s,5,Mannouba,Male
R_D5VQnsCF1q1JTuV,9,Ariana,Female
R_3OeNwVlf1loEXpD,6,Gafsa,Male
R_2fdEH5Ipzzw3bsN,8,Ariana,Female
R_BWeprcmlNr4ZiDf,4,Tunis,Female
R_RgnjGgxo6U6sUUh,4,Tunis,Male
R_3GrXkxx8lZZ9dSi,5,Tunis,Male
R_2ZKvbF1fBy2LpGs,9,Tunis,Female
R_Bs2YNEeEIU18dix,7,Tunis,Female
R_1ovbKl5t28bPYqd,9,Nabeul,Female
R_1MKjzUXWb82UKk3,9,Tunis,Female
R_qWQQ3khnQ0rXyM1,5,Gafsa,Male
R_2zo6LJCuUWPc8pe,9,Tunis,Female
R_33r2QbOqEdti6RB,11,Sousse,Male
R_2WZ0KDOS2TPw8Er,12,Bizerte,Male
R_22zAUqiOCnmXDVh,10,Bizerte,Male
R_3fl6xgONyp9YEoD,10,Ariana,Female
R_2ePyL9pRMW0DLfQ,6,Kairouan,Male
R_xhe4HnhtKIkl0e5,12,Ariana,Male
R_1irG93q8VJU9qGT,9,Nabeul,Male
R_3jd3KcoXWguitm6,12,Tunis,Male
R_2VQpQ0Y0CuNTjHn,12,Gafsa,Female
R_DS1Ur2hvGVWqCSB,2,Gafsa,Female
R_1HowQv7VgWZQjPp,4,Tunis,Female
R_26hWVpaIdodYO0L,2,Sousse,Female
R_2fd39eaTiuitUIT,7,Tunis,Female
R_3qR4vsQV9bFkrf3,1,Tunis,Female
R_2PiAkzpWgzRAcEA,1,Tunis,Female
R_3h4JuRabggEDbap,10,Ben Arous,Female
R_3NIAEEBuZt88ehi,2,Tunis,Female
R_5teu8fyDnZEKpih,2,Jendouba,Male
R_u49PIwSogAHlP4R,4,Béja,Female
R_2DSv7vAiHxrA6yT,8,Tunis,Male
R_3PdDtRFpARoPy34,8,Tunis,Male
R_erZqjMgOeZqLCZr,1,Tunis,Male
R_qD5HQTYdmfdHlrb,1,Tunis,Male
R_2Bmwxi5xdzct6eg,2,Tunis,Male
R_1ooH3R56jhurWC8,3,Ben Arous,Female
R_sohqcLbRTxOdWA9,13,Ben Arous,Male
R_2z6koW5S5dUZfmB,9,Tunis,Female
R_2S65qrcJOGJyrQD,2,Tunis,Female
R_1EX4yLyVneRzU5v,2,Sfax,Male
R_3Nx2r6WHXN48nfW,11,Ariana,Male
R_SUFHGSdY07yafGF,9,Ariana,Male
R_24u8t0QPuU6uKmL,11,Tunis,Male
R_1mxCMCRoetkOAq5,7,Ariana,Female
R_1OxKjuCTdSCbPkw,2,Tunis,Female
R_2641AxcVwnz8fAT,1,Tunis,Female
R_2DUYyl0EdyKxjPB,3,Tunis,Male
R_9An9ceUVEGL8OfD,3,Ariana,Female
R_3PXZLo1qkxVpanU,7,Zaghouan,Female
R_2zBADuV1bwVmnd9,11,Ben Arous,Male
R_1hRSzZiHzcqLIFJ,5,Tunis,Male
R_1Cqmzpt0UuHGBZ3,2,Kebili,Male
R_1gtMVmwdaOo3EF5,4,Tunis,Male
R_3RfPN0Ij2JUkhRf,9,Bizerte,Female
R_2tqZ4aZ6mAVH8BQ,4,Tunis,Male
R_2xCLNuoiM8tSelk,4,Tunis,Male
R_31uzVmpeklZKA94,4,Tunis,Male
R_3HLAfz5aKCY7nNV,7,Tunis,Female
R_2fqecWT2n2PCGyl,6,Sousse,Female
R_3FRPVlIoEoHerd2,3,Le Kef,Female
R_2B5uQWvvaxZxVUj,9,Tozeur,Female
R_4GyD1knVPoDeFnb,11,Ben Arous,Male
R_3PRb0DPbUR9w7ol,4,Sousse,Female
R_tQGcWQ9xf8Feqfn,12,Gafsa,Male
R_3F1B45cXJsMvegx,3,Tunis,Female
R_12oqGaW78LqFmfk,6,Tunis,Female
R_ezgYJSiLZKmnbI5,4,Béja,Female
R_2w4eTyRIufhf6Li,3,Tunis,Male
R_zVehCYQzuH2L4BP,13,Jendouba,Male
R_1jxF6oaF7uhfpl0,1,Ariana,Female
R_2f0QIP6fEfxGtjk,2,Bizerte,Male
R_27IF7ZfdiqvgW66,8,Ariana,Male
R_1myIsfKh9EHQv7g,6,Tataouine,Male
R_wTR2rJ4pvS4CURX,12,Ariana,Female
R_1I9NcBJX2s5WT6F,10,Tunis,Male
R_2UauBOfcofeTzJq,10,Tunis,Female
R_1n6o1Tu8n8N7sMA,12,Tunis,Male
R_1gbTo0wqdgLHb4i,4,Tunis,Male
R_OeA0f50d3So8UEN,8,Ariana,Female
R_yknEdKhuB2LW90Z,5,Tunis,Male
R_tWpouQVwgtw5NLz,10,Tunis,Female
R_2aJH3IR9dYDoqQu,5,Béja,Male
R_1QmQM6HToDXXuJn,11,Ben Arous,Male
R_1Fy5oJ6O3nnogKX,2,Tunis,NA
R_1mEpv378d4a5AiA,8,Le Kef,Female
R_C8Jdta4gwFgCKFH,10,Ben Arous,Male
R_2Qo0I3J1kH3Uhfc,9,Sousse,Female
R_T1mGy2XHzndEy09,12,Gabès,Male
R_27DbPSz4c1fcQC5,7,Tunis,Female
R_1r1w7btZfYpnfXW,5,Tunis,Male
R_27V9VJ61LwXqhLT,3,Ben Arous,Female
R_6mU0H3qIwSNkZMZ,2,Ben Arous,Female
R_1Q3F2SsN0qVexw7,4,Ariana,Male
R_1IXmQCjeLcALN1t,8,Sousse,Female
R_3lzaxDvpPeWqlZM,8,Tunis,Female
R_3qjxs2DvuKYx9Kg,2,Ariana,Female
R_3koFyh0445wgLp9,10,Sfax,Male
R_2fC1SwfGPVqlKif,11,Sousse,Male
R_3pm7rk9zX2eRsAO,8,Ariana,Female
R_1ghmfCKlr9l0X1O,11,Médenine,Male
R_27g6w8oF4vwdAuz,6,Ariana,Female
R_Rlb4nKRpz43fgfD,2,Nabeul,Male
R_2QRqStCF3oIwQgR,12,Gabès,Male
R_W8vav4qQdMttuoh,7,Kasserine,Male
R_1n7PkaXYj3MrN9w,5,Tunis,Male
R_AFpwVvTBu4La39D,4,Tunis,Male
R_2QK9DJldtFiYSjv,6,Ariana,Male
R_1ieUTQgc8wjbWIX,12,Béja,Male
R_s5ctrkjqpz16Clj,5,Bizerte,Female
R_vOGDWsQYSpU6IcV,6,Ariana,Female
R_8kTEjazbmAtJSA9,12,Béja,Male
R_3iyaJTiHp17HJQa,12,Ariana,Female
R_30vLqUMjK827elq,5,Bizerte,Male
R_2wccync0eKPTX3f,13,Médenine,Female
R_6kQBJetyfXflk6l,8,Tunis,Female
R_23Wyf5cPJspzNSH,7,Sfax,Female
R_2aQ3mFg5tXikWiZ,3,Ariana,Female
R_3EA5cEoAXqlKME4,6,Nabeul,Female
R_724M9yaRMixdYaZ,2,Ben Arous,Female
R_1JXFAXKkGkSl6zL,11,Tunis,Male
R_2S63IzSMXyMZxVZ,10,Mahdia,Male
R_1MMqbqsW5TTEBde,10,Gabès,Male
R_2EaXyCtihhM9k8v,13,Nabeul,Male
R_25tFxUAsATTCREh,3,Sousse,Female
R_3Gp2AudsNuPPu2z,11,Ben Arous,Male
R_s4JGwGzjsk4I2Yh,11,Kairouan,Male
R_ONJq9f7oWkgTZhD,12,Ariana,Male
R_2Qy3hiIHGgPzr1z,8,Tunis,Female
R_6xnJP7r7HhTDGDf,2,Gafsa,Female
R_1pXKSnQEn6xelW6,9,Tunis,Female
R_DUkGPNXmMnn3djX,9,Médenine,Male
R_1IzsTjdHRLXLNqM,10,Ariana,Male
R_2S05fTZD4fQXDvO,11,Tunis,Male
R_vvMVSVMapKfoOBj,8,Ariana,Female
R_2THmpCBhQ0TTbS1,12,Zaghouan,Male
R_1l63Ks2c74tIIYC,11,Nabeul,Male
R_10PIlJBCK4TGkoN,3,Nabeul,Female
R_6QEN33ra9ibWXbb,8,Sfax,Male
R_1d51x4GvnF2Brwk,7,Ben Arous,Male
R_eM2RlpqQDexmQud,4,Tunis,Male
R_3NJvJ5aJcIytXUE,5,Gabès,Male
R_3Ib0XWaZ0KJ9Y53,13,Bizerte,Male
R_2yr5KPp9mYievGB,5,Tunis,Female
R_1i8c6FfdGBufa7W,11,Ben Arous,Female
R_2uUqn3EAbE7CAZ2,11,Médenine,Male
R_1OqQXweLeG1DUOv,7,Kasserine,Male
R_31Y2s0gz1eoJ2No,5,Kasserine,Male
R_3ISNbHKeCHq7L6A,9,Ariana,Female
R_pJKxG5Kk38A4tWx,9,Bizerte,Male
R_2zNPTzWaGQLcFLl,9,Tunis,Male
R_3I4dj5sJmJsXb39,4,Tunis,Male
R_OCG7LYDlmasZj2x,5,Tunis,Male
R_BrGEdMyiUcgSz4J,4,Kasserine,Male
R_2YfBwqIFVaQ5eqA,8,Gabès,Female
R_126gZ23lprfL4bF,10,Nabeul,Male
R_2q8bgNfTaXO7f1R,12,Sfax,Male
R_3RpU0Uu96DGKaZX,5,Ariana,Male
R_3q9jRHTGEBQ9n8n,6,Tataouine,Male
R_31N55hrgjFmInSM,4,Tunis,Male
R_28TWEyDrp6FUVVN,12,Ben Arous,Male
R_12LPMsBxmAque4y,9,Tunis,Female
R_1Dv6wFJp7sxrsBI,11,Ariana,Male
R_39NwLiZAbZfjgnT,2,Mannouba,Female
R_1qgfPvAQvXrlQB9,10,Ariana,Male
R_vSx3T1ZKDk6Rm93,9,Sousse,Female
R_Pw9NJNaXYyjvm2R,3,Tunis,Female
R_WcD5jCIGN8QaP29,8,Tunis,Male
R_3ek01c0dK8mWuSQ,11,Ariana,Female
R_3qJyk00BBbYEfFk,3,Tunis,Female
R_3qKIDY6EEgZ4dv3,8,Tunis,Female
R_3mgTxmcYPnyJ6QN,2,Tunis,Female
R_1ruGsfeI2LR7APh,7,Sousse,Other:
R_1PSPtiqwa2hYd4E,1,Ariana,Female
R_2qz09X6PzhxD0jh,6,Tunis,Female
R_bru8aRW1Jq6Zqpj,6,Tunis,Female
R_3kiyvHYAUSL8Vtj,2,Ariana,Female
R_1GK5sYwCTxr4lLU,10,Ben Arous,Male
R_2dXZbrELHnmTgKd,6,Tataouine,Male
R_22EURFYwIs7Oc4r,2,Tunis,Male
R_1BPEL51lM6otqeI,8,Sousse,Female
R_26kCvibOdtOEiqQ,10,Ben Arous,Male
R_cON3szL6VfidLDX,6,Sousse,Male
R_1FnuDXBpwddLmEN,12,Ariana,Female
R_2BsV7tputjW5woI,6,Ariana,Female
R_CesYd3rZBNTDtlv,2,Tunis,Female
R_3NP9EuVJpdx0UJo,7,Tunis,Male
R_3PvnO7m6ks6l8MT,2,Sfax,Female
R_3COEAzyIFiUyzUD,7,Ben Arous,Male
R_3fk0zMdfYtz4Jfi,4,Tunis,Female
R_1OizkP9ClyvDrV3,6,Béja,Female
R_3fqlo2CM0DYRqK0,8,Tunis,Female
R_272VmfLJbDllWEI,9,Ben Arous,Male
R_1PcVqCJo2kKPtD9,6,Kasserine,Male
R_9M5eUwEZoXcTCrT,3,Tunis,Female
R_1rJHs7B7lHQLK7F,11,Ben Arous,Male
R_1lubzpjjXqHzA53,11,Mannouba,Male
R_1HbLI9ccxGrcbby,11,Monastir,Female
R_bg6QNGlVyT4QkPn,9,Jendouba,Female
R_3g4JmrjgffRdpEW,9,Ariana,Female
R_2zirdZdrv6KsYSD,9,Tunis,Female
R_1n1lHe4Ff9tTZDd,9,Tunis,Female
R_2cjBG1VWITVuLpg,8,Tunis,Female
R_Z9supYVcOMUSRi1,6,Mannouba,Female
R_1Ii96Dhf262ijIF,6,Tunis,Male
R_WpzoAFFmKoeo57r,2,Ariana,Female
R_3EAPXZjs25EKinH,10,Béja,Male
R_A7Klpoy6XUmbXZ7,6,Sfax,Female
R_1ozt2SMkkBnb0Db,7,Ariana,Female
R_1q1FQR7Zs1Bm1Qf,3,Jendouba,Female
R_C8QkCkKwLor3AeR,3,Jendouba,Female
R_3KollSd5qcPb3JU,7,Tunis,Female
R_21hNvGSpLq36JiU,5,Mahdia,Male
R_2SuXW0LWxgQKQRu,2,Ariana,Other:
R_1JF1sPEzdgwwcC3,9,Mahdia,Female
R_3hmy25tVOa5Z2fr,2,Ariana,Other:
R_1Ehwe6UoQNdKXjm,6,Tunis,Male
R_1hyGOPW7VoDUHyx,8,Tunis,Female
R_2aJl6gvgEH1Q28L,12,Tunis,Male
R_1jPLvjYtzghIMfD,3,Sousse,Female
R_cBnJyskVVXt4tVL,9,Ariana,Male
R_2uCmMQMvQLQomiW,4,Tunis,Male
R_3GfUnrIrNtVpJsd,9,Ariana,Female
R_UW0JszqAn80n7Tb,13,Ariana,Male
R_2ALkUyfHLMSirSa,2,Sfax,Female
R_338NAy710BEFTrs,2,Sfax,Female
R_2YGrbWIdISXPmS4,12,Tunis,Male
R_2tqZ8MGXwZ7KEZH,13,Sousse,Male
R_3PpLObsylM4yQUS,10,Ben Arous,Male
R_21ixqfyYLywkaAR,6,Nabeul,Male
R_21AkTHE39D0WJDH,13,Tunis,Female
R_2BhvYfnBgxiMB12,6,Ben Arous,Male
R_bQQ07anhQF9MbIZ,2,Ariana,Male
R_3ESTfKQowHmWxpP,2,Tunis,Female
R_3q7JpzDb7n3MoGE,8,Tunis,Female
R_WljKY4MUYmcfsv7,10,Tunis,Male
R_3Mba7hUFWh7ram1,7,Sousse,Male
R_3D7lD50js2ffJ39,6,Ariana,Female
R_3PAG8O040NarcIz,5,Mannouba,Male
R_3GljpCPumaqtnsb,10,Ariana,Female
R_1ISI6DSAAbMckZI,10,Tunis,Female
R_YboQSiiZCbtVpeh,3,Sfax,Female
R_1H8DEBwxY35Zf7R,6,Ariana,Male
R_3Gpj8T4et5f3UeF,10,Monastir,Female
R_2uwFy2Gau2s3bxl,10,Ariana,Male
R_sArmIvv4CXsW6hX,11,Tunis,Male
R_1OIEnV1EM1nyffp,4,Sousse,Male
R_2YnyiAkC8dYylBv,8,Tunis,Female
R_2DVbxvv9DX9NS2c,6,Tunis,Male
R_1EgqYx2x12qu5L5,6,Tunis,Female
R_6m4OEcnTJD7hKoN,11,Tunis,Female
R_vJpO36YbvHeJz2x,10,Ariana,Male
R_pGWcinefOw7ZXRT,7,Sousse,Male
R_31ZVO0TVMYB1kiq,7,Tunis,Female
R_2Wusfrl8IOOoTOM,9,Tunis,Male
R_TuQrFsVMmryzVip,5,Mannouba,Male
R_3PaDjzkBALBg772,2,Le Kef,Male
R_11727kiLwvdPDxV,10,Mannouba,Female
R_31NurHQ9I1rwE0A,10,Tunis,Female
R_2YE6bVHyaZ0fq8B,3,Ariana,Male
R_2X4EdfIceVDIQPx,13,Tunis,Other:
R_1NesFIy9q3jrWU1,6,Gabès,Female
R_SMB3LQsvwLcw3p7,10,Tunis,Female
R_0kdMehTXMtGmp9v,9,Tunis,Female
R_1rGMH81Wn6fHgeR,7,Le Kef,Female
R_SJHDZR0rhjhe7L3,4,Mannouba,Male
R_3LgVozVgINW7FAE,8,Le Kef,Female
R_3lxeJ6m8a6iHSdR,7,Médenine,Male
R_1lltn84Mb0A8vOx,11,Sousse,Male
R_3Gm4lc0AxlgUZ9J,13,Tunis,Male
R_30oOysEmS9ij0Iz,3,Tunis,Male
R_3FLRgKTrytcfbDP,7,Tunis,Female
R_3q7pErGNdxcv7N7,8,Tunis,Male
R_3RrRcP7zLlY1drW,13,Gafsa,Other:
R_3snNWyrBapYNbR4,2,Gabès,Male
R_xftm0mN2ZP59OZb,12,Ariana,Female
R_z12lqzkThl8rAhb,5,Bizerte,Male
R_1OZBEAPTTC0f64f,9,Médenine,Male
R_cCi5GprwORbkw8x,4,Béja,Other:
R_2wAh0TdcKr8Rxot,11,Tunis,Male
R_1KjT9zxbOcfURG3,10,Ariana,Female
R_21zbyJnkihPXe85,10,Gabès,Male
R_1K8dfed1pQiCdRu,1,Tunis,Female
R_3kNC9D0oUoWq0tU,8,Sousse,Male
R_bEFseyWUJCnuZax,10,Tunis,Male
R_umDVYHebAjxiC9r,11,Tunis,Female
R_2ZU3GgkVE8rl4sy,10,Nabeul,Male
R_DcnEiIbQf8TjcUF,10,Sousse,Female
R_1Gw6oo61i4j4TaB,12,Ariana,Female
R_30cbFjUEs4MdDhj,5,Ben Arous,Male
R_1mP3n4VEqtYI9pg,11,Tunis,Male
R_1itzc8SvNA5VA68,7,Bizerte,Male
R_3PE2MypIHX4WA8N,9,Ariana,Female
R_1q8ov25k9huI6RJ,10,Ariana,Male
R_23a9dZ8iBmtXBWv,5,Sfax,Male
R_1BWtbB7lsVYKXvG,3,Sfax,Female
R_2zMGNvQynsA6Nf5,10,Médenine,Male
R_w81mKRjE6spZGBX,7,Bizerte,Female
R_9NU20EDMflPRczL,2,Tunis,Female
R_3W2IzkeZDgmEH1T,10,Kairouan,Male
R_2rNI84tfnFPoyhH,9,Ben Arous,Male
R_3iw01fTCpSeB88N,7,Sousse,Male
R_1HhgZil9Pk1vEVa,10,Gafsa,Male
R_2rMYBPWE8PCtBA5,6,Tunis,Male
R_3DeH7TOhY35ofu7,4,Sousse,Female
R_2XczKu5B2ga26U8,3,Sfax,Male
R_33EaVmvNBajejPn,11,Ariana,Male
R_25Fw6JoHRYpIW8W,6,Ariana,Male
R_3ERu34ZLC18X0SE,9,Sousse,Female
R_3NE5qbGWDavsgMX,7,Nabeul,Male
R_2RVLiOj0vZacGEJ,10,Médenine,Male
R_3jBBKDf3igucf3b,12,Ariana,Male
R_2qz7FwchPHTJPKS,9,Ben Arous,Female
R_3hH3mwwUml2Dhlu,6,Ben Arous,Female
R_3fZxwfx0MnysJa2,5,Mannouba,Female
R_WcFMHEeto1uWMlX,12,Tunis,Male
R_2wdhG3gR9drOT3U,10,Tunis,Male
R_1JUscde9kJO4yi8,2,Monastir,Female
R_3harYW1JIDyNdj0,11,Sousse,Male
R_uyTzWv8ExWq0qad,7,Tunis,Male
R_pzN9SGCBfnLuXdf,8,Ariana,Female
R_1kH9hoFHrHUA5tU,7,Ben Arous,Female
R_2pPjJoRnbpSGzCT,12,Tunis,Male
R_3kEWajPs71S4xhx,10,Kebili,Male
R_1jUhn6JSWrNNBB5,9,Ariana,Male
R_5gmxM4CV8qNYHqp,5,Tunis,Male
R_3Mfbn47iCHswyL2,9,Nabeul,Female
R_2fq8aB5s8Jk6SR9,8,Tunis,Female
R_27d13cA4CoWJM4P,6,Ariana,Female
R_2yjcERs67LS20eM,5,Béja,Male
R_bd4fEsk44jkWVvb,5,Béja,Female
R_3MGSpTlmTMMhk3T,13,Ben Arous,Male
R_3KIUkPP1jJq6RYC,2,Mahdia,Male
R_2YENn49RPFiGuOT,12,Bizerte,Male
R_3dASQSdsBQmqKad,8,Tunis,Male
R_24A8rGvEyc8qu9Q,4,Ariana,Male
R_2s4JLQcY0wgmQhP,2,Bizerte,Female
R_z8aUbtAZiFhVNPX,2,Sfax,Male
R_3nVD2JgBmjG3l45,11,Tunis,Male
R_24l78MLSY1Z3kuR,11,Tunis,Male
R_2uU2XKZLqj4VpDV,5,Tunis,Female
R_1Km7LflIBdunFNL,11,Mannouba,Male
R_qREdwWdcgLBwn73,2,Mahdia,Female
R_1kZzf3fr9OpdgmR,1,Ben Arous,Male
R_2tKmYpTuQvGIMEJ,12,Kebili,Male
R_uggbFBkpYX1M6Mp,10,Gafsa,Male
R_6ha2KX5AxsTZ4d3,9,Ben Arous,Female
R_ze77BN86xjCh4vT,2,Jendouba,Female
R_1NyUudmIu9xHnyk,10,Ariana,Female
R_2f3vW3o2LkKB1vR,9,Tunis,Male
R_vU1s59P4RMJrCE1,5,Ariana,Male
R_2X5m2KxUpSYwpud,6,Tunis,Male
R_10uSPvgnTMwkOML,9,Tunis,Male
R_1QLsDBMx1N30C5C,3,Ariana,Male
R_C9oYnhfA4C6JsfT,8,Sousse,Male
R_25sYoQLQrfvuIg1,7,Le Kef,Male
R_2cAuReOzoVyYOfJ,8,Bizerte,Male
R_1omZKncpPj1oYMB,10,Ben Arous,Female
R_oXO5U3nF5wJjJ3r,1,Tunis,Female
R_1pSubzR0sk7lfSQ,9,Gabès,Male
R_2wbQ7dIedZDIp1M,12,Sousse,Male
R_XyTepZpleh7etpv,10,Ben Arous,Female
R_1K8ykdKsyhSrAS6,3,Médenine,Male
R_3PS8L9A8dzXtUAF,2,Tunis,Female
R_s75qnCuVCfRthfj,9,Ariana,Female
R_1f1K9SZdrsnClrU,10,Sousse,Male
R_Q0xHsWIotG0oHYd,6,Tozeur,Male
R_ul88yVla41OGj6h,12,Tunis,Male
R_2CUK4Aoseae51pB,11,Ariana,Male
R_UzP0u3dRZCUNnhf,2,Sousse,Female
R_z7qPCspwJS8a5bj,6,Ben Arous,Female
R_1rq9oA4tnI5Zfto,6,Ben Arous,Female
R_1SWFHhfF3cpaH3r,4,Sousse,Male
R_10ZO65MJ3d0XkHF,6,Ben Arous,Female
R_AdIgVTUTUmxiDHX,7,Tunis,Female
R_2xwTCs0ZFlQZtUu,6,Ben Arous,Female
R_3FQimGdZCgqTJLo,7,Zaghouan,Female
R_di3SXRE40Jcrzjj,4,Ariana,Male
R_2BsoOxzjevxgqvx,10,Ben Arous,Male
R_1DHVceSRmOGacjb,7,Sfax,Male
R_1GBIGuJYiiaNtof,3,Tunis,Male
R_1MY80h6WIHv4AcK,6,Sidi Bouzid,Female
R_2zZu72JDams7qo6,3,Ben Arous,Female
R_UshGXPzILN2yQJr,6,Monastir,Male
R_dmWHs8jVM07SufD,12,Monastir,Male
R_2VaJohVjCRzmF91,3,Ben Arous,Female
R_1Cg62bJKhQRC845,4,Ariana,Female
R_1dc5NaybQNBsWaQ,6,Tunis,Male
R_8FYyRbIcA3FQC5z,2,Ben Arous,Male
R_1rJKnjIQpaejUwS,3,Mannouba,Female
R_3M3V62iAMvgnyc4,4,Ariana,Female
R_V24Tkv5969kbTZn,10,Ariana,Female
R_1K8srVgVt76aXag,7,Kairouan,Male
R_3PzBt0we77TgxNT,9,Tunis,Female
R_2OVGpl84jYGBVhX,6,Monastir,Male
R_3m9PhjIYoaDKwCu,2,Kasserine,Female
R_2CIhmNA5uxl4046,7,Le Kef,Female
R_2ZQtyRwRBpyKHSM,12,Médenine,Male
R_1DSZfV9nq7vzjZk,11,Tunis,Male
R_0AsDzW3sj8kqJYl,2,Tunis,Male
R_R36Fr5XAi0lFWxj,4,Gafsa,Male
R_1IGG6sQfUlS5Sno,10,Médenine,Male
R_2amETzqtJH2bJGL,5,Sousse,Male
R_1LzXl1ucAardLEu,2,Nabeul,Female
R_3il1hUAO5IzWL0x,6,Tunis,Male
R_W1M5rQOnToJaPoB,2,Tunis,Male
R_3DbcoJRFPcePFf2,5,Tunis,Male
R_25uYSSHyuOO4UWA,5,Béja,Female
R_332XaWjfp2X2S39,2,Béja,Female
R_25vzoG9dJ1RR5TK,11,Sfax,Male
R_78aYkaklHFgPxa9,3,Mannouba,Male
R_1gOLGSPgFaTuA2D,12,Ben Arous,Male
R_3iX4DrzsFCUynS1,2,Ariana,Male
R_3OkWIZs8clGSScM,11,Béja,Male
R_2yei3AfS0p1cftY,3,Ariana,Male
R_2zSL2jqNsPhtgzB,10,Sousse,Female
R_1NgmgAxeYY7bvNR,5,Gabès,Female
R_Qc5OfYRSQ9O5RV7,10,Monastir,Male
R_2qsdTaKLMgqGW6R,11,Sousse,Male
R_C2G5owc3XnPGfoR,4,Ben Arous,Male
R_2CxktozfWv3ONHw,8,Béja,Male
R_DUW2qlJNDauxIVH,3,Tunis,Male
R_246qIj4bSnyqSlY,10,Tunis,Male
R_21vbsb9eQrFzETJ,7,Tunis,Female
R_3PG1Qc2TFVErjj9,12,Tunis,Male
R_1gNKzTgcxynUFWh,9,Ariana,Female
R_3iF6fayqLcpc9cu,8,Ben Arous,Male
R_1pKVnoilKvDnQLc,3,Sousse,Male
R_sIu2O20C9qQWM5r,1,Ariana,Female
R_3IbOQ0plcAFXpqy,12,Ariana,Male
R_bNQSf3pjzVHE9nX,6,Ben Arous,Male
R_WuK3XHmIAkUNSlr,5,Sousse,Male
R_1LnTnokvObpe4nE,9,Gabès,Male
R_tJR8cJWxIM6tFst,5,Sousse,Female
R_2fnY4Aweve89aBH,3,Monastir,Female
R_1LnyLewRig61w3W,3,Monastir,Female
R_1ihvUe8UBrvp3hL,4,Monastir,Male
R_3D6IePm11JmfXmp,5,Sousse,Male
R_1o6lL9Kgjz78VUP,5,Sousse,Male
R_2PsYj18RJMZEAxE,5,Sousse,Male
R_2WCqZV2UHfpHKBL,5,Sousse,Male
R_3qvRLXuxebvJ9hw,5,Sousse,Male
R_3lxbAXt1g389jj2,4,Ariana,Male
R_3Pi4qO8Ce1OaLNi,12,Ariana,Female
R_3m9L2TomtCBCckI,6,Ben Arous,Female
R_3KGZD7rpDO3GLP7,4,Bizerte,Male
R_12R8zmSOOnNFsMH,8,Ariana,Male
R_SVJW3xOwXSjUmfn,8,Bizerte,Female
R_1QfTxjRR0WeICjk,2,Ariana,Female
R_1Qtj7YqIb7UV7UJ,4,Tunis,Female
R_1BR77DlJ7caY0bd,6,Kebili,Male
R_1Ff6zgBOTzkOYF7,2,Ben Arous,Male
R_2BrGgnAaDzPKhJv,1,Sousse,Female
R_7URb31IsGuWo4fL,6,Nabeul,Female
R_1CDcnCKJIvY4mIx,5,Ariana,Male
R_8equSkVzzrJrb21,4,Ariana,Female
R_1IbdMd0WkqxnpZv,7,Ben Arous,Female
R_1hS7nPJ0VxJYuup,11,Tunis,Male
R_3rNdDAANn6bSo0S,1,Ariana,Female
R_OMSBimUnJ9UpHuV,5,Mannouba,Female
R_28B78FKDJyRF3r9,9,Sfax,Male
R_2YGt0HAYHy73XXW,13,Ben Arous,Male
R_1E5Rxu7BPZp9jPS,3,Ben Arous,Female
R_2UgBJDLXGzNQ0XU,8,Monastir,Male
R_7WFf7PtP3ZtTWsp,4,Sousse,Female
R_3LbZA2Ohp6UnGkg,3,Tunis,Male
R_3hz5NxgPC3jA0pD,1,Ariana,Female
R_1ln9uxEUUqIomoS,5,Bizerte,NA
R_Z3O51Qob55DEQ1z,11,Sousse,Female
R_111nvVbKlzz0qNb,2,Sousse,Male
R_2bIBO0t1CBZqiYg,7,Ariana,Female
R_2OUX9r4JWuz2E5P,8,Tunis,Male
R_1LGUSU7J0AYglSZ,2,Sfax,Male
R_2czwWE6JIaK3ZFj,9,Tunis,Male
R_2qBKvxdUguC0YWf,5,Nabeul,Male
R_279F0aaPhBXZPpa,2,Tunis,Female
R_1GJ7gy1qPUM3ObC,12,Ariana,Male
R_23WV1cAmiKGGdzu,6,Sidi Bouzid,Female
R_1GTH7oFSxzeRoWm,3,Tunis,Male
R_1LI686zyq0obF9N,5,Béja,Male
R_3ffubN2jOUI0omT,11,Mannouba,Male
R_2ah1V2nLcEHyqqx,5,Bizerte,Female
R_2CrenhcemABG9NR,5,Béja,Male
R_1XHOlQaHXVSxjIl,6,Béja,Female
R_z3daQ9zhggTcGCl,8,Ariana,Female
R_3CINVzb8GEIP0F4,5,Bizerte,Male
R_1qgHGQZNcXgGZ7J,5,Tunis,Female
R_31H2tPP4v0TTjBa,3,Sousse,Female
R_3J5aPe988xdBpW5,9,Tunis,Male
R_1eOZ7EqBkh2cJkM,6,Sousse,Male
R_1GNcnAEexgIDSfD,10,Ariana,Male
R_AnWmZJqkJSYk3sd,10,Sousse,Male
R_2PpbfEfC2BsvdEL,4,Sfax,Female
R_2TSEpaAB4fwAFWN,11,Le Kef,Male
R_32WLk3QcFbkdPfO,10,Tunis,Male
R_3dFyrgE0ZvqR49l,8,Tunis,Female
R_39Qkw8njNndjc53,8,Tunis,Male
R_1LSx5eZeJdq8rPm,7,Béja,Male
R_2Qm8PBjC0wi4mdJ,11,Tunis,Female
R_3KYEoyhr0gKRyXN,9,Tunis,Female
R_bIBEwDNM2SX0cRb,11,Nabeul,Male
R_43l1BTJpIveFeJH,5,Siliana,Female
R_WD7SC3SF5I8M0Kt,2,Médenine,Male
R_3DWI9A7YjCK1Mop,10,Tunis,Female
R_3p0g3ff4R8mOrAc,12,Monastir,Male
R_1q9UqJwmJgaXOrn,8,Tunis,Male
R_1rkX7pv8tz087jr,5,Mannouba,Female
R_XBrzrZyGOGu8jOV,11,Mannouba,Female
R_PHsUq2HLj8UDH5n,11,Mannouba,Female
R_2rH4z2kt6eRPOBL,5,Mannouba,Female
R_1HcT8Cejzb2m0fZ,5,Ariana,Male
R_ZC2YribcJzUHehz,12,Tunis,Female
R_3fdxqiLPuwR73FS,11,Tunis,Male
R_3NyeaJWoJIFNrxe,9,Ariana,Female
R_29bLWZMBXJf8ESq,7,Ben Arous,Male
R_2zo9pA9PfHkNFgI,10,Sousse,Male
R_xltluewMLFypJbH,11,Kairouan,Male
R_6FJUMseVxSLDMt3,7,Tunis,Male
R_3iEeFjGTyC1XyBE,2,Tunis,Female
R_3oyBJ9RFwcCP1QS,6,Nabeul,Male
R_1eS0xZZl9L43VWe,12,Sousse,Male
R_UQui2Q34rQ5MpFv,2,Tunis,Female
R_8kRxnRRm21tiieR,5,Béja,Female
R_1ey2Tiog3qRGLiI,8,Ben Arous,Female
R_1mvZWkF4v0UlLac,5,Béja,Female
R_3EgpnmCVzePhLPa,13,Ariana,Male
R_3G7Eh5BdDaMHBer,5,Tunis,Male
R_elbRQOt327wwLM5,11,Mannouba,Female
R_3rSuRmhoeQ8xn3c,7,Ariana,Male
R_1jdf91s4zrn1Z3A,2,Ben Arous,Female
R_3hbYDg1mwyp8XlB,5,Sidi Bouzid,Female
R_31QRJrWL0RaWNGI,8,Tunis,Female
R_3lSuSGluQWWNLmu,13,Tunis,Male
R_2t37pkCbUM1697H,3,Gabès,Female
R_3iIvtgtzXHQ3joA,3,Gabès,Female
R_3lDK4PGRtlBcX0q,11,Tunis,Male
R_2TNbzzuSmHxogdv,8,Tunis,Male
R_PUjrz2wr9nFyrrH,3,Ben Arous,Female
R_2wNC5zbIuzWsG3D,2,Mannouba,Male
R_1dGLc6duIZsRCB0,7,Ben Arous,Female
R_2ZEyiyFVngA27w4,12,Bizerte,Male
R_2BfXrBKvx18eqZE,1,Siliana,Male
R_3iyGKgyxdRuWa6p,10,Bizerte,Male
R_3kpJ1gYALlKBRme,6,Ben Arous,Female
R_3e8ZVglkmP5emAe,8,Béja,Male
R_1doyg38uxZZIvhq,10,Nabeul,Female
R_WflDyDSAOxSxoCR,10,Nabeul,Female
R_3ltUqfSa77x9lYm,6,Ariana,Male
R_1mWOnF2Cbrw2aaG,5,Mannouba,Female
R_2XgJOmnHsDSpzET,11,Mannouba,Female
R_1f8hrGrKKNl0hW6,3,Mannouba,Female
R_vCCNk5bC62ZBFAZ,4,Sousse,Female
R_1dn5PaCtnPqupht,12,Tunis,Male
R_1BSgGnBKb9f6eo1,5,Béja,Male
R_2XoFDi7DoUSXJeE,10,Nabeul,Male
R_1dH3APryS8FbsGB,5,Ariana,Female
R_UECv5fKazMwnzNf,9,Bizerte,NA
R_yKKCjkNWud3K7UR,7,Tunis,Other:
R_1digKnfC08Mtxqu,10,Monastir,Other:
R_1Fg0cf2GJhiyOtF,11,Monastir,Other:
R_3RlOEUeLRKvaerU,2,Tunis,Female
R_2Bu4JRRtXdCXwkH,12,Tunis,Male
R_ylNBfJheAJPXCBX,7,Tunis,Female
R_3MiFCT0LfTU964A,6,Sousse,Male
R_ujGk9vFnkZLOd8t,4,Tunis,Male
R_2R8rNXij6YVvx7z,9,Ariana,Female
R_3O0KwOGZUiWaMKT,12,Le Kef,Male
R_2EoPW6GY60PVGbD,10,Tunis,Male
R_25HqIDKdb0myU9S,9,Mannouba,Male
R_1imSSfaEa69ULcs,10,Tunis,Female
R_29vk0mIY8HqRGbj,8,Sousse,Female
R_01ZNHxRatm9JhU5,11,Nabeul,Male
R_1F32Be8BaTu3fHS,12,Médenine,Other:
R_1IrUP8bCxj5kXp8,12,Tunis,Female
R_802O1PBN9wlg5R7,12,Tunis,Male
R_1Dqmj7sUGW6w3vy,2,Tunis,Male
R_3ke5LDFAWxDuO4Y,10,Tunis,Male
R_27NK27cfWba72Ho,3,Ariana,Female
R_31si5NQfUvklOAc,4,Nabeul,Female
R_ywOSAHZ2mTqoO53,5,Tunis,Female
R_21H6Jl1nsclHKi2,10,Ben Arous,Male
R_poqWnfbjmhZ9bsB,5,Zaghouan,Female
R_1eQqzcxVhvltpES,7,Monastir,Male
R_3dYRGeiI3QeAcEC,5,Sfax,Male
R_302KDLNMP5cM669,6,Ariana,Male
R_bw0d4eloUMXwx9v,5,Sousse,Male
R_3m2bsTkEqmGRnBt,6,Ben Arous,Female
R_UaUqFPUgvfQiKWJ,4,Sousse,Male
R_1dcWjCd8am7XJop,2,Jendouba,Male
R_3ir5E2WvewM6OBJ,5,Béja,Female
R_2tG5K7kpKFrpTFO,4,Sousse,Male
R_DpCWlfYCKxxxBv3,3,Bizerte,Female
R_1DVhpqieTksuO1h,10,Ben Arous,Male
R_STZEgGaSBktCgRb,3,Mannouba,Male
R_1KlpVSjEHPOF0pP,1,Bizerte,Male
R_22G5Nj1OQjFbXva,7,Mahdia,Male
R_2Cy0M4FX4ZhZpFf,11,Bizerte,Male
R_3lyJ7Mx0drJJgn4,9,Tunis,Female
R_2dgakHINr53eb3r,9,Médenine,Other:
R_2rC7g0fvlEeBqC2,11,Médenine,Male
R_2D2g60Yw4SbU3O0,5,Nabeul,Male
R_1OV3u56p0p3m15t,12,Sidi Bouzid,Male
R_3kBZ5sNhUkhhVoR,4,Tunis,Female
R_1Nmqb9Qgces92Tc,4,Ariana,Female
R_1hKACa2Hpp5NknU,11,Gabès,Male
R_3IahvH28Sx4PUMa,9,Tunis,Male
R_3dWHi9gCLQE51Ok,1,Tunis,Female
R_tEd8eqYSTRVG3gR,6,Sfax,Male
R_2TuBxfhiQAcV9qK,4,Ariana,Female
R_26aMexunXwko7wM,4,Bizerte,Other:
R_1NeTfALOmBl1PCf,12,Tunis,Male
R_WiyqezzzFjgfQw9,12,Sfax,Male
R_2b2bkBNSwrAy9yg,2,Mannouba,Male
R_O85BtbaWJZbiqGJ,8,Tunis,Female
R_6S5NPSminY9nPLX,8,Ariana,Male
R_4I4ALAqcD2tGOIh,3,Tunis,Male
R_2bUUwdQXSZiOnbN,11,Ben Arous,Male
R_3HoUhofmBuoQnvX,6,Gabès,Male
R_1E0Dvbt2wRibSWH,5,Gabès,Female
R_3oTmxpJvsmMKcSn,10,Gabès,Female
R_1BRS4jItZiWMO1K,5,Sfax,Other:
R_tM5UUcQ6JmFLKtH,9,Nabeul,Male
R_2CpRuWBt2YEJbgE,8,Sfax,Male
R_uxqtJRWihJVS7Zv,4,Monastir,Female
R_UbxdxdVHKgzPAOZ,3,Tunis,Male
R_b4lqJFLt4cw03yV,6,Tunis,Male
R_2sbA3CDWDahDoaj,8,Sfax,Female
R_1EdupozCbGNNEGp,7,Ariana,Other:
R_2wQQKhrWHBqoPcN,8,Ariana,Female
R_1mXdrQ9uzlXdGkK,9,Mahdia,Male
R_1jTkOn2K226E60y,4,Béja,Female
R_3mfVkUunflUohmC,5,Béja,Female
R_3EsSeYPKEAPpa8u,3,Béja,Male
R_2QhpeQbfO9VQh6H,3,Tunis,Male
R_21yrPWqPWDzKhzd,5,Tunis,Male
R_4GgZL2CtexEKe5z,11,Ben Arous,Male
R_26liObATQRVL77m,3,Mannouba,Male
R_3suIP88NbRudvWA,5,Gabès,Female
R_27lLCnaA1NAslCL,11,Mannouba,Male
R_1FaB6XbWTOODmoa,2,Sfax,Female
R_2tnhz34PSJLLHwB,3,Ben Arous,Male
R_2D2hBDtn2acitbO,4,Ariana,Male
R_7W1ZUd3KEmmGrQJ,11,Ben Arous,Male
R_3JkeLKsmz9OMxWS,4,Ariana,Male
R_1rcgTFoT2ixuLwl,3,Ariana,Female
R_10Jc5lHvKcAoOsa,4,Tunis,Male
R_41oYY7PYNNgOSxr,4,Ariana,Male
R_3s1g1skxZemGIHd,11,Tunis,Male
R_25GB70Xsvwl5u9B,4,Tunis,Male
R_2wnPZfm1IwJIp7F,5,Ariana,Female
R_1H6qTowCPsPLBot,11,Médenine,Male
R_2TBMvjc6fG1BKeL,4,Zaghouan,Female
R_3e4im1UoLti6hOq,4,Gafsa,Male
R_C9ty6oRccicCkN3,5,Sidi Bouzid,NA
R_21AgrkZbHqDWKl3,5,Gafsa,Female
R_1NgKSEQY6bsww2G,5,Kebili,Male
R_2tfWwP5bZEQZkjc,5,Ben Arous,Male
R_tKHyCGiY69C5gM9,5,Zaghouan,Female
R_3me3NRlbmJwqsQY,2,Siliana,Male
R_1d62lerTlUQreww,12,Tunis,Male
R_1mmW93X4O5BzaBP,12,Tunis,Male
R_3oAtRmjqEMJdZYO,10,Nabeul,Female
R_2Bx6hmP85IUvc81,10,Tunis,Other:
R_2pMP9MxI5mmJxsV,5,Jendouba,Male
R_3ndZkeGbIT19em9,7,Ariana,Male
R_Tiy9VmZE3zYFyO5,5,Béja,Male
R_0fiS3F70cbl1y0h,2,Mahdia,Male
R_3nveCIzTCiE2TxB,8,Tunis,Male
R_2DUJIq8GNa1E26t,10,Ben Arous,Male
R_3nGU75u1FJfxBEt,9,Tunis,Female
R_3NxQglHZVLk3zyc,3,Ariana,Male
R_26lM7vV793BNoSv,4,Tunis,Female
R_269oBMhAwmZ0pFM,10,Gabès,Female
R_3EDO7AkP8l3FNDg,9,Sidi Bouzid,Male
R_2UhYgpSK224H7FT,4,Nabeul,Female
R_1IsDThU4KZx10F6,8,Sousse,Female
R_28NcgHVoIapVKKd,8,Sousse,Female
R_22XngR62FMsSHq8,7,Sousse,Other:
R_bfHJsUV5VOATglz,3,Le Kef,Male
R_2BhUWaAA1pC4bC4,2,Sfax,Female
R_3mag9p1zZPJ5pat,5,Ariana,Male
R_1IynFsw8i9zbaZX,10,Tunis,Female
R_2y47CoTOgMBgv6J,3,Tunis,Female
R_2Yy2dOHkW10Yilf,4,Ariana,Male
R_2v1aONnlg8NsisJ,5,Monastir,Female
R_1r22A12oT12VaPV,11,Tunis,Male
R_3EbSClQ1mOkUZpT,5,Tozeur,Male
R_1eXBLyrc64Ibllz,6,Tunis,Male
R_22o80VlMO8fEoPj,8,Béja,Male
R_27fmYimJIWUBvci,1,Sfax,Female
R_1K23AhuwN8aDnrS,4,Tunis,Male
R_SOTnuTxTbfgj1Qt,12,Tunis,Male
R_24GYD8NWgKSgf90,11,Ben Arous,Female
R_2rSj8P9469e3HwU,6,Ben Arous,Female
R_3OlzynJU4JJjL0d,7,Béja,Male
R_2z5BqqzVFFUGtBL,1,Mannouba,NA
R_3PNUR2CpVIHOq6R,9,Gafsa,Male
R_2mgy3N1vYA0gd3j,7,Tunis,Female
R_2B2PhJ1xxf8HRvb,12,Nabeul,Male
R_sp6SKJB9gGK5EEV,5,Sousse,Male
R_2TAevBLaHDdk7BC,8,Tunis,Male
R_2pSQtKdvyQG3ZSU,12,Monastir,Female
R_1LujerFglQtdZEp,6,Ariana,Male
R_ZCAMzp3DnvskMhz,9,Nabeul,Male
R_3hAvWjj1lmq3eya,6,Tunis,Female
R_3DjWisnfoslWPjf,10,Sfax,Female
R_07AeeKCVuveGTRv,10,Ariana,Female
R_3fHmJwtVcxCtz2S,5,Kairouan,Male
R_3Hp63obnLBeyhK4,5,Kasserine,Male
R_29sQpXU4fVQ7wV7,10,Tunis,Other:
R_1QFvzJZempo9UTz,13,Nabeul,Male
R_2DS4bIuPiL2yfN6,4,Sousse,Female
R_2AKLSISE8l3nYFT,10,Ben Arous,Female
R_3iC2E5W0cNdBO2g,5,Béja,Male
R_ANZPOXeJwhENqfv,5,Gafsa,Male
R_1mtjcsoNGck13hQ,11,Ben Arous,Male
R_6fcFHevnOxsZjTH,9,Kairouan,Male
R_2PzgVIye0NRVKzO,12,Ariana,Male
R_1GDZObZW7L75W0n,2,Béja,Male
R_2wsOyyWbDqpHgPY,2,Mannouba,Male
R_22Juc4CbMbmDx20,3,Sfax,Male
R_2zbGHsgpxCS8ZYf,2,Tunis,Male
R_7NVTpLDyLbUYfy9,11,Nabeul,Female
R_cvC7RevIS7sidTH,3,Gafsa,Male
R_1q1Uz9wRLHnynWZ,10,Tunis,Male
R_qx3OKqbl0Q7BqZb,3,Ariana,Male
R_2OZ2afRjbedWLpU,10,Monastir,Male
R_2uZLqjfHDz63xSZ,7,Sousse,Female
R_2YFfWgbCsONlCf7,10,Mahdia,Female
R_DFZ46xnJpFJw9Rn,13,Ariana,Male
R_XB3S5PcnwvpBv8d,12,Tunis,Female
R_3ssKfSBxxmohGXj,9,Béja,Female
R_2wLTHrne7Ts30yx,2,Ariana,Female
R_1NlbH76p18J5mtL,6,Bizerte,Female
R_338bWR66eS8oQBY,8,Sousse,Male
R_2SCFx5Yxqzgf9ek,9,Le Kef,Male
R_1QF3bSkYV0LNb14,12,Tunis,Female
R_3Jeld03e4Qc2IQ1,4,Ben Arous,Male
R_3rUmCUHk0ojr5yj,2,Ariana,Male
R_2f8q4XGIt6M8XIh,9,Ariana,Male
R_1jHOVZm881Xh1J3,9,Tataouine,Male
R_zU4lqL05qmM7H3j,9,Ben Arous,Female
R_1Lpp9O8wWMS5UfD,3,Tunis,Male
R_33BvW4bmR8TwT3H,5,Ben Arous,Male
R_7UnOibNxft80mxb,3,Sousse,Male
R_3CBr2aPEN7J6fQW,12,Ariana,Male
R_2pMM994FBNAxU8Z,4,Bizerte,Female
R_6XL97uocUyhHJ5v,11,Médenine,Male
R_2cbe2WB9pKs0bMn,14,Tunis,Male
R_rezJCq7Xss901AR,2,Jendouba,Male
R_2QDqZgeeVxolev9,3,Béja,Male
R_6WN2Qc8VY7KUluF,9,Tunis,Male
R_tGRk9nlXXWf2byV,6,Ariana,Male
R_1hzfHbbgekLAxNe,6,Ariana,Male
R_8ek51HHTLjOE2rL,10,Nabeul,Male
R_1N2NVkeDodphxQq,3,Nabeul,Male
R_1LA4Ukg0TlSIkIM,4,Ben Arous,Male
R_1dsNLiMc3tC5FHQ,10,Ben Arous,Male
R_0cgrp8DwIPanpDz,13,Jendouba,Male
R_1cTUIWd8tDhFzJ0,13,Jendouba,Male
R_1FlaR6ghX3EUlbd,11,Gafsa,Male
R_0vae3Xy2ugsMbvj,8,Ben Arous,Female
R_3J8aRvgbtqdYsus,10,Mannouba,Female
R_1q3zRIO9Yhyw64a,9,Ariana,Other:
R_2XasADFRMA9GBb4,4,Béja,Male
R_1K0TFNazGsTgkIq,8,Ariana,Male
R_3fdUVYgf8N8PTqq,2,Tunis,Female
R_2uF0m7gCNbl8wdB,5,Tunis,Male
R_3HqzDcqcoNRYd5q,9,Mahdia,Other:
R_QnQtCz9qtZ7KeQh,11,Gafsa,Male
R_3O8PWJgOJF8QIqi,8,Mannouba,Female
R_2sZRkAZJK2DXH61,7,Sousse,Male
R_AHToLnpMrmOSqjf,6,Tunis,Female
R_AFEg5kqINA3dTBD,8,Sousse,Male
R_1dEK1WXDfTgMGOn,6,Nabeul,Male
R_3etr8Qgi5O8XNtV,11,Béja,Male
R_1mkp0ijYOj5vxmp,10,Sousse,Male
R_1i4qa29Q0pt8Izx,12,Ben Arous,Male
R_yIOYKyhEyYOhVFn,11,Ben Arous,Female
R_3nJJjvOvRWAUJjj,5,Tunis,Female
R_8CzeuiIEg72ciOZ,3,Béja,Male
R_1jqPagSeN1Aw1LT,5,Tunis,Female
R_2fIJppW9LlJ8Vv4,6,Tunis,Male
R_2Wxpirle7k2tM1A,5,Nabeul,Male
R_2UhKYyKDW1PMhZh,10,Ben Arous,Male
R_XUj241dJ7SaeDWF,3,Ariana,Male
R_xrN63inoWef1hrb,9,Gabès,Male
R_Oee5rmXR2cWWoEx,4,Mannouba,Male
R_2t5OomYJvB0fXWf,6,Le Kef,Female
R_2fy1RwM1tAiDpiS,9,Jendouba,Female
R_2QDnNKmuPnduZaM,2,Tozeur,Female
R_2QErbiktFUzJVqA,8,Tunis,Male
R_2Br1ApLJ03kGzfP,7,Ariana,Male
R_XUuNeGO52IimDsJ,2,Mannouba,Female
R_WumD2oer8VNTB0R,2,Tunis,Female
R_1IiS4IPdmKvAlF6,9,Gafsa,Male
R_3HM4gJFqv0G5OxV,2,Béja,Female
R_3D5t7pnAb08YuJT,11,Le Kef,Male
R_1KshYL5y6pzJ3kH,11,Ariana,Female
R_1FbQS49mq17ya6S,10,Mannouba,Male
R_3KpDG7sM08weztK,8,Ben Arous,Male
R_1gBYCTeWPBqmrNE,7,Monastir,Female
R_3QJiX4q8Vk5j9gT,4,Sidi Bouzid,Female
R_2qsK5TypzlWKRan,3,Tunis,Female
R_12QH9yZVhI575B7,9,Tunis,Male
R_2qdxqwite0Ztxj8,9,Sfax,Male
R_24eEwnhWJe1Pj2c,9,Ariana,Female
R_2Uc1issoIDMGTPx,10,Ariana,Female
R_ZDmFsBKLdYuJSsF,5,Ariana,Female
R_2uCH1oPmQGN27oo,4,Ben Arous,Female
R_1hyfiTDTlTBs8TX,6,Sfax,Male
R_1jHRxXXWScgku18,11,Sousse,Female
R_1dzsO3DV4t3pMqd,2,Ariana,Male
R_3JK33j7aeOTuai4,6,Tunis,Female
R_3EmRuZJ6CLTSqcs,4,Tunis,Male
R_eDRUUXwfuFMbHu9,7,Kebili,Female
R_3iOMnxs88O0nult,7,Sousse,Male
R_Ox1bLzAOudAyGAh,5,Monastir,Male
R_7WZZG6apAEiF4S5,10,Tunis,Male
R_2UgVQ2uvWvSsmXD,11,Tunis,Male
R_1NfVjKs4aui7P6K,4,Ben Arous,Male
R_20Z0sO89cCgnD72,6,Tunis,Female
R_e9DZwQuBUwKG1mp,6,Tunis,Male
R_03xLstmPNaTG8Mx,2,Bizerte,Female
R_zZStpeM84aGYbMR,5,Sousse,Male
R_3htkVgBA7rd8MVJ,2,Tunis,Male
R_10PFpWRLBAE9xQM,11,Mannouba,Female
R_1BmQc9wzGEviCTT,3,Sfax,Female
R_3MKdEFRo1dCdRgJ,6,Zaghouan,Female
R_2sSZd5LdFX8YFLo,10,Tunis,Female
R_3hmr4e5NSfyriQ8,4,Sousse,Female
R_eCGEghfg739GUBb,4,Tunis,Female
R_3irNsz3BJ4ufRYi,5,Tunis,Female
R_UbeVbUuVqGNJ4VX,2,Ariana,Female
R_1g135fYZTUd7mpH,10,Ben Arous,Male
R_1P1Pf5s3q2lyunB,12,Nabeul,Male
R_6xIulXYl0sDtZBf,11,Gabès,Male
R_1mypwwCQgR5Lk4q,11,Mahdia,Female
R_27VDooUtmZ3r7uM,3,Ben Arous,Female
R_3FRPGIZWNEwKLSb,2,Béja,Male
R_2amAC2F7ZUwcmJK,3,Tunis,Male
R_2CQxD9QOFSwRCrR,2,Tunis,Female
R_2XgJwSMP7onGNle,6,Tunis,Male
R_XvP1drZNxSgvQM9,4,Sfax,Female
R_VI859hoWcFYtp5L,7,Tunis,Male
R_3GiXyqDYUazafLq,8,Tunis,Female
R_Z4qjCoczp2cXHLb,8,Tunis,Male
R_2VgVAD9dHc6O6OF,3,Ariana,Male
R_2QS7wf9kcGoxRih,3,Bizerte,Male
R_28Av3Nwnho4ApcA,12,Jendouba,Male
R_1dm02HNZvA9X9ja,4,Mahdia,Male
R_1gzQEKy9yhKapdA,4,Monastir,Male
R_1mOUbO5CJnGASvu,5,Tunis,Female
R_2pL75m7mrm7SC3S,5,Gafsa,Other:
R_3lLWHgnGhOV3Jhv,2,Bizerte,Male
R_OPuIh3mfPnH3AsN,4,Ben Arous,Female
R_3KvDKlaim1HneV3,14,Ariana,Male
R_3KJFDDOCiInzxDa,6,Ariana,Female
R_2A0AcN3kbXCKcmF,2,Tunis,Female
R_2SxjdiMGUUYlsSU,9,Kasserine,Male
R_2aghJiTeLK55r1H,8,Sousse,Male
R_30k59PtCNZ6CvcA,5,Ben Arous,Female
R_ZfvhTjI48sYoG5z,11,Sousse,Male
R_6Vj2VMOG0Tp0SZP,5,Tunis,Female
R_3paU6e0yh7FW2uK,5,Sousse,Male
R_2VPxO4x8bEsDtPh,3,Tunis,Female
R_2ZW7wrifYdZTEcH,5,Ben Arous,Female
R_OASIiTna6BuTMrL,2,Tunis,Female
R_6xqM12XBKqleScx,7,Ariana,Male
R_322Q1qOzOUBtyJf,4,Mannouba,Female
R_3QLcktKutCbodDO,5,Ben Arous,Male
R_2nP1PZv0kFaxzPz,5,Gafsa,Female
R_804CMod9sC3RTup,10,Zaghouan,Female
R_pPE2kqjkd6rlOdb,5,Nabeul,Male
R_1N3Al1QVFBiSXJM,6,Monastir,Male
R_1N2LbQvY0Xy6BQo,9,Ben Arous,Other:
R_3jd2udoL3VQjdLY,12,Tunis,Female
R_OkYoZRIHrhTZRgB,3,Tunis,Female
R_2tfEsFmvU5mCXzA,3,Kasserine,Female
R_1n6DVNKKH13XoL1,9,Sousse,Male
R_2tsvoBG8XFWsgjm,13,Nabeul,Male
R_07ISizkZy9WtA1r,6,Ariana,Other:
R_1et0KUctf3Wppuh,2,Ben Arous,Male
R_3aRecUTTlCZS717,6,Ariana,Female
R_3QWzXjTGDOjFNLB,9,Mannouba,Male
R_R9vO2szQAG9ZPCp,5,Ben Arous,Male
R_6lLuL65nbkmt5Sx,2,Monastir,Female
R_1AYpMISPuzzFYkN,8,Sousse,Male
R_3k55DvldIE8MAVE,2,Tunis,Female
R_SVT2gB1ugyPNwQ1,5,Sousse,Female
R_1JLBcp1MwAKycc9,6,Ben Arous,Female
R_2qdw4ZDadZ6IdN1,8,Bizerte,Male
R_27jtrJbW64MnMMA,6,Sousse,Female
R_1OuEcT8XxvFzhmm,9,Gafsa,Male
R_BSBzhVEMqb4AQqB,11,Bizerte,Male
R_3O1zmBN6685MQtX,6,Sidi Bouzid,Male
R_tX4MZwnztiijHfH,5,Tunis,Male
R_5tneSTZ2IZMbLrP,5,Gafsa,Male
R_3iDs9YKnF11F9lp,6,Tunis,Male
R_27xkFfWygaanQxc,12,Tunis,Male
R_SMNjG0O2iO0N5nz,5,Gafsa,Male
R_PAtVo2dWFndoL1n,3,Tunis,Female
R_3HzF6QPtehcUB8S,8,Ben Arous,Male
R_Rl62i3NvAQufRCh,8,Tunis,Female
R_12Q25glANYWyuzv,5,Tunis,Male
R_1FhNPHELBV3Drwg,5,Tunis,Male
R_3KHHJmTgFdTI0KW,4,Tunis,Female
R_2Y5iVSpwDB386QJ,5,Tunis,Male
R_11anX9LCewefhNc,5,Ben Arous,Female
R_1EheQ4qaGYb8waC,5,Sousse,Male
R_2bZBeCziKzeyOBK,11,Nabeul,Male
R_WB8JVBjfdXl20k9,7,Kasserine,Other:
R_2zewRh4QeL4oHbs,10,Sousse,Female
R_3EGQO73SwJh61Fm,7,Gabès,Female
R_9WSlriq3lxghMvD,11,Ariana,Male
R_1Cp7YfvpPtR80ui,6,Ben Arous,Male
R_26fIfuc3H8RmfSN,7,Ariana,Male
R_Qm2YbsHFDindi4V,13,Mannouba,Male
R_xge6C3O80OZHwMF,3,Tunis,Female
R_2nSP2NQzolpaKvD,9,Ariana,Female
R_2Clf9ZsSftClrRt,9,Ariana,Female
R_3D0mXJZKT3tEZyU,5,Siliana,Female
R_qWtgngjSLyxP8Pf,11,Sousse,Male
R_20O4YAxEcxzgmIa,11,Sousse,Male
R_UJQNdUSki2J0yNb,8,Kasserine,Male
R_3iPUUXAYyRLUCWN,3,Sidi Bouzid,Female
R_1nNoWcZYtXB6CBJ,7,Tunis,Male
R_3ea9vLF52weGeiI,6,Médenine,Male
R_25HkeEHRN3QkYnN,5,Tunis,Male
R_2dY0y9a4udWpfyN,5,Tunis,Male
R_22FU4UskNs8SIRW,5,Tunis,Male
R_2ciu9mFUj1nHH84,12,Médenine,Male
R_3KQ7gtdvpsSjGQ8,8,Béja,Male
R_2ea7xs7HCeinESd,8,Sousse,Male
R_1kIhx20gH4z8qaa,2,Mahdia,Female
R_scbn79x5ynCCSCB,3,Sousse,Male
R_2QYaZiqQIcpX8zH,4,Sousse,Female
R_11gqWwAmEeb6l0a,2,Tunis,Male
R_3iEanFy3Z1vJLRa,10,Sousse,Female
R_2WHmNq19QBqRZrz,2,Ben Arous,Female
R_294Xm2R7LvY5Tns,9,Bizerte,Male
R_1g1PFrWnpOyR9iH,2,Tunis,Female
R_0PNJrMuMWLyX0DD,6,Tunis,Male
R_2ahM0gGj4YckhAY,5,Tunis,Female
R_3lS7TQ4BZ39p8Hy,2,Béja,Male
R_3NSx5d04ydvBhvj,7,Tunis,Female
R_1fellbHYreF80bk,2,Tunis,Female
R_2ALoMxtaCpKCoFY,6,Ariana,Male
R_1Hk19xAvErwh79b,7,Nabeul,Female
R_1LolcXPB85zkL9n,3,Tunis,Other:
R_3Kx6QbKqycLBVe6,2,Mahdia,Female
R_3kuhCt83VVCQXZt,5,Tunis,Female
R_2b1Lm3EKUIjif4S,9,Tunis,Female
R_1P4PmEGn0cBvNSV,8,Ariana,Male
R_vTUgbxmYL4ndvIl,3,Tunis,Female
R_3NJUv4B8Kc1iV70,8,Mahdia,Female
R_1IGegx7VAxX3n8J,3,Tunis,Male
R_2UXkIb7ZDH2Uev3,11,Sousse,Male
R_1CbprkPNo0NQfq9,4,Sousse,Female
R_1OH3l3DNLMT7tVa,11,Nabeul,Male
R_2qE6GMm2OBDxWdb,2,Tunis,Male
R_2XnvIMHe7R1dw68,2,Béja,Male
R_STc3PE6FlvtHasV,4,Béja,Male
R_3flf7xMdE52XLgg,9,Tunis,Male
R_1LTFqHiUvMETGAS,10,Tunis,Male
R_1jPcrDz2TuTA1K1,2,Jendouba,Male
R_1duX9CWyXrTHmWG,4,Nabeul,Male
R_3PH5ZbdEPsIMLAi,10,Tunis,Male
R_2TzMa1kmF9vzxc5,3,Béja,Male
R_1kLKLZ0yVCZ1vfQ,11,Tunis,Male
R_1jvMxzfnx6bZqMt,7,Kasserine,Female
R_1DqFq1lNI2105IQ,10,Kairouan,Male
R_31c4kndAkXqX6gO,10,Kasserine,Male
R_3HkmM6oiO5ERO8i,5,Tunis,Male
R_1pmPC9ATGRt9AME,5,Tunis,Male
R_2sWNG0RXNqeqd1R,12,Nabeul,Male
R_3QGCnv8xGXdizCj,11,Ariana,Male
R_2uU8OMLweXIFDX4,4,Tunis,NA
R_3LbVtTnCsgKT3Rk,3,Tunis,Male
R_1kMrtEJGaGUwWgi,2,Tunis,Female
R_3fTelPoMhdbDqsg,2,Tunis,Male
R_2P85gLTE3SJ3Ril,2,Kasserine,Male
R_1MQY333XcemEnDT,6,Jendouba,Female
R_11cNpltDzVeiXgR,3,Tunis,Male
R_31LYcb3w2DTCAep,3,Tunis,Male
R_sKZDl2Ejh9jQ1Cp,9,Ariana,Female
R_31aPNBcUpQMsRzq,2,Tunis,Male
R_2diP1n7jer84OhU,5,Tunis,Male
R_2TNP6fkNY7TEORA,2,Tunis,NA
R_R9WhgwcUKDE92eZ,5,Sousse,Male
R_2rwhFfPKursLACA,11,Sousse,Male
R_yjBE6kZ0bHdDAFb,6,Tunis,Male
R_xbwW04yriqglTHz,4,Tunis,Female
R_3RsFekMmQraHcji,5,Nabeul,Male
R_242Xy4L2GkpdUJ7,6,Ben Arous,Female
R_1itfDduMmLfMktQ,11,Siliana,Male
R_24NxP8xp6EL68FU,2,Béja,Male
R_23TtimwED8aQnyW,9,Tunis,Male
R_26m5aNWuwiPfP04,12,Tunis,Male
R_XMKbMdIguGL6N33,11,Nabeul,Male
R_PwxRwK4EgMBWp6F,3,Ben Arous,Male
R_3PRZO2qNBUr9Log,7,Zaghouan,Male
R_3nH3VxXfUXnhxol,4,Ben Arous,Male
R_12uvx6fIyKJiaRw,3,Ben Arous,Male
R_1mXgUAYSsSGCHgs,11,Gabès,Male
R_2dxOowINrzo8DBy,3,Ben Arous,Male
R_3OqOB2C1coeFYXM,10,Tunis,Female
R_XTERZoK1NNdf5mx,3,Ben Arous,Male
R_2xXD5wfthg7Tu7W,6,Tunis,Male
R_3NBPz1FeWBWgSL6,9,Kebili,Male
R_QofkDnGizBgOqqZ,5,Tunis,Female
R_1eVnRsprHahYYge,3,Ben Arous,Female
R_23eNudFk7vSth8D,11,Gabès,Male
R_29VKVACiRtaLJct,5,Médenine,Male
R_1dyKG9te9LQr0I9,8,Ben Arous,Male
R_2EjlgZTvs5yEHMH,10,Tunis,Male
R_3D8ewdyJEvGIiP0,6,Bizerte,Female
R_3fUGlC5tECTE0SY,7,Ariana,Female
R_ClezXOgszN26cIp,3,Mahdia,Male
R_9ySQudUvCHq6Es9,11,Tunis,Female
R_1f7MpLgmgQsgPhq,5,Béja,Female
R_1EYjXL7i4AlQhhh,4,Tunis,Female
R_SV5fsVNn2wHxLcR,11,Gabès,Male
R_27fIMz22MdD9ANE,9,Médenine,Male
R_3ET2S3VgD3Rgdok,11,Sfax,Other:
R_2BxjnazMihHQ6iG,5,Tunis,Male
R_1P5VxE4tEBcnRN9,6,Sfax,Male
R_1dcW80cW8Xj4O5d,12,Nabeul,Female
R_bgvs5OU1oqnMBfr,3,Le Kef,Male
R_2wmHUbxjQvbfVTx,10,Tunis,Male
R_2bKoZPaiwoFWruP,8,Tunis,Female
R_xmBCsSRfVkTyGlz,4,Kasserine,Male
R_0lKGhP78IMN2f5f,12,Ben Arous,Male
R_2ymdL1BYCx2VT26,7,Monastir,Female
R_3JlrVwRxKlSVeCK,4,Tunis,Female
R_28YPyiEYiW0DAsp,10,Bizerte,Male
R_3MQE1O53TGJXqFa,4,Tunis,Male
R_25SHS75kyaKV725,2,Tunis,Female
R_1C0VGlTEcgk3N4G,2,Ariana,Female
R_3L1gWJvy5bsifuj,2,Béja,Male
R_27Vbpq65JjqnDaF,2,Tunis,Female
R_eQV0XBCAtAdEGHv,2,Tunis,Female
R_1FhTz3o1BBX7RQq,8,Ben Arous,Female
R_2dmaMx2iGfECFpG,2,Ben Arous,Male
R_2tzeDj7qHurnbQw,5,Gafsa,Female
R_268CXRqrWuhckA5,4,Kasserine,Female
R_2E4OPqHsq0VBK6r,7,Sfax,Female
R_3oEFcjEqS2ncRs9,4,Kasserine,Female
R_1mwPhDKRdkeDrrv,4,Kasserine,Female
R_2D0pxn84d9E3Y7u,4,Tunis,Male
R_02lKtLmgDqixPpf,4,Tunis,Male
R_XOg3rE52ilUxdcd,4,Bizerte,Male
R_3NWHAawkFOi4hhU,2,Nabeul,Male
R_1DI3xydb6K99Yxc,11,Tunis,Male
R_vGNTiaWqReEoEHT,2,Bizerte,Female
R_3q8qAjFagIC004d,4,Ariana,Female
R_Wjmcb7SU99GgBYB,6,Ben Arous,Male
R_3Qqu3poklAXBujD,8,Bizerte,Female
R_8Hr1CEmyZKV5ANH,3,Bizerte,Female
R_1OCfOLPCapvFOc3,3,Siliana,Male
R_OBgbAP4DlBSDAYx,5,Tunis,Male
R_2wKxN8wAOphVHEH,3,Kasserine,Male
R_3Jx8tsCMq9kaR0Q,5,Tunis,Male
R_3fCOjVPgytmU3QZ,5,Nabeul,Female
R_1g14DvL12F7U3XM,5,Sidi Bouzid,Male
R_27rFssLdCvJLl20,6,Jendouba,Female
R_1Hdc7L3bl0EgzC1,9,Tunis,Female
R_3qlH0gpKiunWphA,9,Bizerte,Female
R_ZytQLaEbl3iB24F,4,Mannouba,Male
R_3rSA1Qrcnm5TjWd,7,Monastir,Male
R_UXQUnhXjdFzN4hb,7,Tunis,Female
R_23atBmqHikuEZKw,3,Monastir,Male
R_1gpsHArq4mhPFL6,9,Jendouba,Male
R_cZT4WfhjXPdBHu9,13,Tunis,Male
R_3pu86E8wht828zq,10,Ariana,Other:
R_1rvsNMkG7SufhkD,5,Ben Arous,Other:
R_2U5wX7YmBe60iPN,4,Kasserine,Male
R_1BXZkrMvrDF2Bvg,4,Tunis,Male
R_3HHR04TxpVCaoMA,8,Ben Arous,Male
R_2ypFDLQ9zP6SASA,4,Kairouan,Female
R_CmehpGe4v0qeg9z,4,Kasserine,Female
R_sh91nS9x2dQa1pv,3,Sousse,Female
R_1PRTPbo5g5WzK0f,11,Tunis,Male
R_1FDPIVWD2DJVtbi,10,Kasserine,Male
R_1FbpqgSUKEMBQ53,3,Tunis,Male
R_2rq0Qd2B23rdvdg,4,Sidi Bouzid,Male
R_23f528rGhTgpBiP,3,Ariana,Female
R_12S7WYeCFmc399o,12,Tunis,Male
R_2eWl1e5VMK6iHfU,3,Tunis,Male
R_3imrc2eSkP3FFd6,4,Tunis,Male
R_2scL8INuNMIiPRK,11,Monastir,Male
R_1pPZ9AF3FDT3h3X,10,Béja,Male
R_3G6w0Mlr9auEDHG,6,Tunis,Male
R_2TBh1Iu0h1cyvur,9,Ariana,Female
R_6A5XyVIezpw0C1b,10,Gabès,Female
R_2s5fl5j4JD0f3QU,4,Tunis,Female
R_2TLuEcxImkOR9qu,9,Tunis,Female
R_1N4YEQeENEpt6Es,6,Tunis,Male
R_1CekX4j70QNqyWx,10,Sousse,Male
R_3J97smpmTg0verN,3,Tunis,Male
R_2ffZLPspX6Zu1uQ,8,Kairouan,Female
R_vCANfWstlGmFSW5,8,Tunis,Female
R_1CqCGj4WXjBx0fD,7,Kasserine,Male
R_C4E3DPiNAqCTLR7,2,Tunis,Female
R_2q2Ir3RHnvF7Kq8,3,Tunis,Male
R_SODs8PkBcrUpBBv,2,Ariana,Male
R_1pzZOpD59ZOiw07,3,Kasserine,Male
R_2qzckGZ7fvmeZAP,6,Bizerte,Male
R_1g2sFXH6ORtZylj,10,Tunis,Female
R_24NppnHTnB8V6Lz,10,Ariana,Male
R_1FhsXwc6xtzPW46,2,Jendouba,Male
R_zdO0F8PpbJL4Lm1,11,Sousse,Male
R_2SvlYZZD1Yd1YvN,2,Ben Arous,Male
R_2B5shvtgvQ7pvXK,5,Kebili,Male
R_1H7Vrm8McgELX3C,2,Ben Arous,Female
R_2dyJ2pjqNL57lCD,2,Sousse,Male
R_2dEVSTJnFk5JDDi,7,Tunis,Male
R_1IW2Z40GBvLH5bT,7,Tunis,Male
R_1f0DrYuJKsRSLmE,7,Tunis,Male
R_3JrpVWkcCW95JV5,6,Monastir,Female
R_4UuvNLvoT0SQNSF,4,Gabès,Male
R_2sSXVNxsdSe2VdE,4,Ariana,Male
R_VUnn9Sp2FZdpp1T,9,Gafsa,Female
R_2dnBLD6UhbhYHyL,6,Tunis,Male
R_W9vwZEnNUcljfvb,4,Kasserine,Female
R_bKEAJpToQmzOJwJ,6,Sfax,Female
R_2sdJ5STHKYfaLtI,10,Tunis,Female
R_RWZFELcT8LdbwRj,10,Kasserine,Male
R_2pMM0OLsS25kGHs,10,Tunis,Male
R_2v24YlkLvVXoEUF,4,Tunis,Male
R_UaacCI9fmeMigeJ,3,Gafsa,Male
R_1pnUoHmI8nm8UZM,2,Ben Arous,Male
R_3r3enO4hsMR0YDC,5,Kairouan,Male
R_42z6nBZrHd4wFgt,3,Nabeul,Male
R_2uDS2ji1inbRZyG,7,Bizerte,Female
R_2Crp53gJSzBgvQ6,4,Kasserine,Male
R_3Igo9Yw57NbH4Nr,8,Tunis,Female
R_3CIoWNnMWT9YqJK,2,Tunis,Female
R_2SdzeacnUbVK1yH,4,Kairouan,Male
R_271D9waTzBiqLhi,9,Ben Arous,Male
R_8iReGFAuRGE4bJf,5,Kasserine,Male
R_1i8pJnc2T1FFldM,5,Ariana,Female
R_eV5gOjFv4aaHX0d,9,Ben Arous,Male
R_1LpXHyTpEJKDrU6,2,Sfax,Female
R_2S7VGsgFLayBZyf,5,Zaghouan,Female
R_1dug9aEoAvdlEND,3,Tunis,Female
R_3nxgvfMWWeB47JR,5,Le Kef,Male
R_1kUdROUFEwuzHz3,10,Nabeul,Female
R_1gAdHMRBSItO7R9,14,Tunis,Male
R_eQhyIF1RdOSXcCl,4,Tunis,Male
R_1cRO5zveM9kK0Gh,3,Tunis,Male
R_UoQnvC6S1uh4Vln,9,Ariana,Male
R_2cnZa2VhF2pfSFz,5,Tunis,Male
R_1EWjNSrHxLgO2cV,12,Ariana,Male
R_2upJ9LC0Wye2633,5,Nabeul,Male
R_T7SosT2mobsgldD,11,Sfax,Male
R_2QWjJ8XulOygmKY,4,Tunis,Female
R_vrc6pL7H1vJCuLD,4,Sfax,Male
R_1mXm4lJjh0AiTOq,8,Jendouba,Female
R_3VgZzpo4rApFyTv,2,Bizerte,Female
R_2w7DQHUuvtmi8jO,5,Siliana,Male
R_yDVPqv78tk1xABP,3,Sfax,Female
R_2uCItEE7nqKKwjW,2,Sfax,Female
R_STWegMQEFmaFrGh,4,Kasserine,Male
R_1PZsqdCenxCgxFA,2,Sfax,Male
R_zfmK3XHdkAcD4Vr,2,Kasserine,Female
R_1dMOU0nMVDa8gIZ,2,Monastir,Male
R_28O4ltonMcT8s9L,2,Monastir,Female
R_3CUw1inxB867XNy,4,Tunis,Female
R_3PXN93lUGJvs9rt,3,Kasserine,Male
R_3dH9D1Y8yWzKcHO,2,Tunis,Female
R_0l07a7KxVXO7Erf,11,Tunis,Male
R_1gCtauyA14vwjXz,8,Nabeul,Female
R_ef9qcs6MZyLJYJz,4,Tunis,Male
R_2PBjqfBRDQPJx8X,4,Tunis,Male
R_O9B0XBzVzJHX9AJ,6,Sousse,Male
R_2CxrOZT3zYYVH39,7,Tunis,Other:
R_3ND5TNErL9oUVHy,5,Mannouba,Female
R_1QsgoC8Rnw5OVIL,5,Mahdia,Male
R_2rSIhlwFMMZARyo,3,Béja,Female
R_To4FynNPV2eH1Hb,4,Tunis,Male
R_R4c89PM095uyFuF,5,Sousse,Male
R_1yRXghe2Ha3nBRv,5,Béja,Male
R_bJWxldsyVDBlqxj,3,Kasserine,Male
R_1FeO23UEdtStdrU,2,Tunis,Female
R_3hm6LO8jUafZEUH,6,Nabeul,Female
R_3J5dHRNlu1l942m,1,Ben Arous,Female
R_1mtkddebrBtze8q,9,Béja,Male
R_2WOUhCnlhqkNuRt,10,Kasserine,Male
R_1mz5U2NSIRjy2pS,5,Monastir,Male
R_eJY0MgIit7GwUDL,2,Kasserine,Male
R_po3ty5JoAbwc1Gh,8,Bizerte,Male
R_wNscCfzmoZWYwZr,2,Tunis,Male
R_3iEm3DXWRFfD1MD,5,Tunis,Other:
R_25XRcW5Fgq6PofB,2,Tunis,Male
R_1DqdHtVY5DmJxiN,2,Tunis,Male
R_3ijXtkpF7H35yIn,2,Tunis,Male
R_1OUHqBdR48St1m8,4,Tunis,Female
R_3iW5kztNi3iXp5x,3,Tunis,Female
R_2y2YxIlcBRVJSeH,5,Bizerte,Female
R_1Oy0gYwozt8lfwq,2,Tunis,Male
R_1mXl3f9oyL5ZTnA,6,Tunis,Male
R_2rOAc3r9GMyarwX,3,Tunis,Male
R_21yutx5qp707m21,5,Béja,Female
R_Zy0CVulMx0pg1hf,3,Béja,Male
R_TjBZ9eEPKR7vqtX,2,Tunis,Male
R_BzE5fRb0smJdZbX,3,Tunis,Male
R_qWzgYaHqO5wDiLL,9,Béja,Female
R_ZvOmuCeLj3DVXRT,1,Sousse,Male
R_2qdrFj8rNSwsDFO,2,Tunis,Male
R_30i5M6OqfCgcov8,4,Sfax,Male
R_5pCRoXstEW7hEMp,9,Bizerte,Male
R_2Bm6cvYvlD06r4I,9,Béja,Male
R_1OOcPaIPAu9sWPG,3,Béja,Other:
R_24f6kCzmTnR6nY1,1,Sousse,Male
R_82MfQmzxQbgD6iB,6,Tunis,Other:
R_W3yR0AHp6Zx83WV,3,Tunis,Female
R_1q1CbjLvRCgRTOF,6,Sfax,Male
R_3EIJSrgMnkR0BTb,10,Sfax,Male
R_2Swb7ez5yl1WM6p,2,Gafsa,Male
R_3Rxzgi7kT6x8JZL,4,Mannouba,Male
R_3GvrOaSutrdCBky,6,Mannouba,Male
R_US0xueqT5KbHXlD,5,Mannouba,Male
R_2uJ6crHYMkilfvT,1,Béja,Male
R_2duLyaBeRvbRhW3,4,Tunis,Female
R_27Wl7h4QS15aY2x,3,Ben Arous,Male
R_1ergf2rcGTSSfwB,1,Nabeul,Female
R_3hbW7fWjYrG9uOH,1,Béja,Other:
R_1nNr0tb3kigGFoK,6,Kairouan,Male
R_1BPNv4EcIH6hsA3,2,Jendouba,Female
R_3ijR0wSpIxTfZhw,3,Tunis,Male
R_3JrDm4fQTWbkWXa,4,Tunis,Male
R_DvCyS8tFrsvJH2h,4,Tunis,Male
R_1dizLGalPWs0rb6,3,Tunis,Male
R_BS3eadM6Ruyabx7,3,Tunis,Male
R_SBo3ZXPhITrzb8J,4,Tunis,Male
R_3OcAF3pScIMPC2y,4,Tunis,Male
R_27PbpCxdfYwqHXf,3,Tunis,Male
R_OCeiZmZNx3SEP4Z,2,Sousse,Female
R_2wcQ4w0fqzN8wf0,3,Tunis,Male
R_3KZ3mwDM0S7rjqq,3,Tunis,Male
R_2qz2edtKfYPZVVu,9,Tunis,Male
R_2tyZKgSeyzSvnns,11,Sfax,Other:
R_1IrV422avai1NOH,11,Nabeul,Male
R_3JsLspwagZMbUjV,4,Tunis,Male
R_p58GPan1jdff35D,9,Tunis,Female
R_124jrefFDz8PPG4,12,Tunis,Male
R_2AYWc8Tvv0WHMcE,5,Tunis,Male
R_1kTDim3iYhPMkxM,8,Nabeul,Male
R_2A0c98ISbV5Ks6u,2,Jendouba,Female
R_ueuhLI7HeCM2Fjj,10,Nabeul,Other:
R_26gbpDR8Vbp4VPB,6,Ben Arous,Male
R_2zLSprXr3asNKrF,10,Nabeul,Male
R_2QSz8RmPKlBjxDO,3,Gafsa,Female
R_r2Pgk7fi5bmJLRn,3,Le Kef,Female
R_BFJFIPlBIg1qMoN,4,Siliana,Male
R_2wjHTY9nZ3hp61V,9,Tunis,Male
R_W0wBv5ZR02x8sZX,3,Kasserine,Male
R_6u7KRyq8JugEpk5,5,Nabeul,Male
R_Z30Y1KTZYjJffwd,5,Béja,Male
R_sSw0TMEqMbinZap,3,Sousse,Female
R_3Or9Zzqh43OSRoZ,4,Nabeul,Male
R_12PxwKAXk7h9eqO,3,Gafsa,Female
R_pxQyPkQHsdPcHBL,6,Sousse,Male
R_RXKCFApoBI1UsFj,4,Mannouba,Male
R_2sbSyJH9yRTLRKp,5,Béja,Male
R_2pWzj4JneWb5w4Z,2,Mannouba,Male
R_3GBBt6aEZLIc2SO,3,Jendouba,Male
R_2fvyD46QH3Js70C,2,Tunis,Male
R_pv31pRKuc8k485b,3,Ben Arous,Male
R_1mRaC9mAMDYqpgt,5,Nabeul,Male
R_Y4WYwLFph2eBGDL,4,Tunis,Male
R_2UYO5FryvcPvgz5,5,Tunis,Female
R_2qEKnau0pUXzafp,6,Jendouba,Female
R_22QW2QSYBay5Fu5,5,Kairouan,Male
R_3e4sI2YBfHhGmbp,5,Ariana,Female
R_2YPaXtanmt7zqcv,12,Kasserine,Female
R_4OBMrH3ckSGklsB,2,Tunis,Male
R_3qDyU0XujeC7zK4,8,Ben Arous,Male
R_3w3KhMtOQGwXVzX,3,Bizerte,Male
R_27kduaAlRVkOmTk,2,Ben Arous,Male
R_ePWZQDlcZ01JIZz,7,Ben Arous,Male
R_tDPghjaqq17EpTX,2,Tunis,Male
R_2v2oPNIdYoGDETb,5,Béja,Male
R_2YWDpwTlx2hlFkC,7,Siliana,Female
R_3Rf3MVf3gk4OMRr,8,Jendouba,Female
R_2TZETFmu5FDAIUZ,6,Tunis,Female
R_1OrXHWVWt5HIJYI,3,Tunis,Male
R_2CCepnhDSVZ4BCx,10,Jendouba,Male
R_1QawI6eEiynJoaj,2,Tunis,Other:
R_3nqKFeLTaN5KY03,5,Ariana,Male
R_3MhOPPiCxU01cYm,6,Sfax,Male
R_2CytJO7IibfvgLP,6,Gafsa,Male
R_2Pp6RbLtMBD9Bgu,4,Tunis,Male
R_UWovTYGgqKEJMEV,4,Siliana,Male
R_2QxOtEAVUTXCLbt,10,Ariana,Male
R_1lo7ut3SNsuj90Z,6,Tunis,Male
R_3ltwCwTMSLjJbGJ,2,Jendouba,Female
R_PFExx6cvyLSoTER,2,Tunis,Female
R_sA3uL6yhHOSHtRL,5,Siliana,Male
R_1F9Qxm3G41Bi4D5,9,Ariana,Female
R_2QX5DqDvgSuRxyc,2,Ariana,Female
R_3EtGJAl9SFhxiw5,3,Sousse,Female
R_2qdrKUcuVZ6jqVK,2,Tunis,Male
R_21FfyqsJrjNehym,1,Tunis,Female
R_1reODXUJXbVFcLq,6,Tunis,Male
R_CkNkc7LhELoC4al,6,Gafsa,Male
R_V3apU7pUV7BqSs1,6,Ben Arous,Male
R_300m8QDR7fLFDtG,4,Tunis,Male
R_yyAo2ppDtacEo0x,3,Siliana,Female
R_2VBJrm7klBQRQMj,4,Tunis,Male
R_1Ho9Uj8p0AsaPdv,4,Tunis,Male
R_2wMJLxFyg4OPPns,3,Tunis,Male
R_10T2EmSnDksMB4L,2,Gafsa,Other:
R_2AKLTKFEQFTX0qN,3,Tunis,Female
R_Djfyd32UkmA2ijL,7,Tunis,Male
R_2pM1hRdKvdr7dj3,6,Tunis,Male
R_8oZRTXhg9oL7d1n,7,Gafsa,Male
R_BM0HlCpNHXQwr85,11,Tunis,Male
R_1MRjWlCuvTxBQIN,8,Nabeul,Male
R_1P1xbAM7Q2LrFhK,5,Tunis,Male
R_2tqZPg7wsrIJmLX,6,Béja,Male
R_29h4a8RRUnnJCVx,5,Tunis,Other:
R_1Ka4aJtEoLmOcKB,2,Sfax,Female
R_3xGeDtx57dGnP0J,4,Zaghouan,Female
R_1mVJ7LBMuqTUUPK,8,Sfax,Female
R_1I78DaPmo4eQLBg,5,Kairouan,Female
R_24jDu7FzWsQccAx,2,Jendouba,Female
R_3oGVHzgi6J8XsGs,2,Sfax,Other:
R_29oauTQeUDx7Bv8,6,Tunis,Male
R_3CDxC45yCF623RW,2,Jendouba,Female
R_22FxKcewcikXFfb,6,Tunis,Male
R_1OmDGUkawzSVIDD,4,Ariana,Male
R_1M0NAtLhgNL0aZq,2,Bizerte,Female
R_10x5BEguqApkcie,3,Bizerte,Female
R_20MSjmlRRVBeHzS,6,Mannouba,Female
R_bw8HXvPtEhuIbD3,5,Tunis,Male
R_2y7Sanwzkm4Ih88,2,Sousse,Female
R_1LYwJmMkBELZoBC,6,Ben Arous,Male
R_1iqwjZw7Izpxw86,11,Jendouba,Male
R_3J28IGRhXmxyLI1,5,Kairouan,Male
R_3Q0qqdC8DYwO4L5,2,Mannouba,Male
R_2zIQhjQd6SsyDEJ,3,Béja,Male
R_3fNX1mNMblp80yM,5,Jendouba,Male
R_r8dTF62cr1Dcs1z,3,Gabès,Female
R_3q4WgcPyMAZmT4d,5,Siliana,Male
R_pzMQDFCeDEImlP3,4,Sfax,Male
R_2WO5XOt7dv74JD2,9,Zaghouan,Female
R_1iri91bMoz3N2yL,6,Tunis,Male
R_1osVx4YUOAgIceJ,4,Sfax,Male
R_2CIkq5ZLv81o2sW,5,Tunis,Female
R_2a9JypHTYqRS2s3,2,Ariana,Female
R_2dDZku9umajYKMu,1,Tunis,Female
R_u7wN8ZmROC2pACB,11,Sousse,Male
R_pGbaiVS2kFvhoo9,1,Gafsa,NA
R_25AW2DKGXOX0BQ5,2,Gafsa,Male
R_1g1NRrnnbuOWjHt,5,Bizerte,Female
R_1ihBRYaZL8eelJj,8,Tunis,Male
R_STatY380w6nEP9n,3,Tunis,NA
R_29ibRZHyfXcK0kP,5,Sousse,Female
R_3lWBKmBeBwQW3cU,7,Gafsa,Female
R_2A0R5yqDiOCgHDm,11,Sfax,Male
R_1NESVCqiICH6cIz,2,Gafsa,Male
R_4PzRNHCu0EdkUil,7,Tunis,Male
R_OJCZ8kt3Rdi6bpT,1,Gafsa,Male
R_eIDr2AIvucb9Hot,10,Bizerte,Male
R_51q2Ail8PXxnFlf,2,Tunis,Female
R_1kYo4Q7oFkmubfo,3,Gafsa,Male
R_1QhJ3636zI93amR,1,Sfax,Female
R_1F39bDb5lPJtjQs,14,Nabeul,Male
R_8hPn2pIqsMTHSmZ,2,Bizerte,Male
R_1qVrcJGwyA12L9I,8,Sfax,Male
R_1r97MiGVI4Cb8Ws,2,Gafsa,Male
R_w6SElQ2pQM4fjsB,2,Bizerte,Male
R_3Oc3FYtM0WArtRo,2,Gafsa,Male
R_1QsaEiKKhdz29FH,2,Ariana,Other:
R_3PLUGVmsAsT72ZB,2,Bizerte,Male
R_3esQrMn3ybUN2So,8,Bizerte,Female
R_1DwqAt7Dfd6uQgR,2,Kebili,Male
R_27xMRcPRPYs5QFp,2,Ben Arous,Other:
R_3rqJYl53FDM6AlH,3,Tunis,Female
R_2zTKeY5tfvaGNuA,4,Tunis,Male
R_1pX8ovZ7Z3yHIHv,2,Gafsa,Male
R_2w0P2Nwu11Jzdaa,10,Ben Arous,Male
R_2OMZXOGsTysyFof,6,Ben Arous,Male
R_33pZgZzhnnzRjoP,5,Béja,Other:
R_6gqO8AykyZDOytP,3,Tunis,Male
R_2S7RttOku6kBHNf,14,Ariana,Male
R_3ghEMDo4Mavucvf,3,Bizerte,Female
R_6E7wOGkUIF6MQwN,8,Le Kef,Female
R_33d0tvzt3hY0TSl,5,Tunis,Female
R_XiYSMNtlURqXNS1,2,Ariana,Female
R_veHMZyAjlvzpS9P,4,Sousse,Male
R_20Va0u8tOHlq4rX,4,Tunis,Female
R_1rMtJ2AThVrE9uP,1,Gafsa,Male
R_3oN6tZXICr2gd1m,11,Sfax,Female
R_1jOOWiR6lLohy84,2,Sfax,Female
R_xszskTjpsjWpu0h,5,Béja,Female
R_3n6PgsmX1titmYV,2,Tunis,Female
R_1mz5X3U8uuC05WN,6,Ben Arous,Male
R_3HSIea5l4EpZ1Q8,3,Siliana,Male
R_RqKeArueczopVGp,7,Sousse,Male
R_27BQRsc7Olw9Ij7,4,Ben Arous,Female
R_2cAPVkI9b3yDnzl,2,Tunis,Male
R_4OAdXgwurk9CTRL,3,Jendouba,Female
R_24Cz00D9QpJBAA8,2,Gafsa,Male
R_3mlRK0lTOzTWY5s,3,Sfax,Female
R_3g0DWdX2sZ9vmQS,5,Jendouba,Male
R_3dPQyavTP9YkY9Q,9,Tunis,Male
R_3qz0FZ3ZcCpRqhG,5,Gafsa,Male
R_2alYrP8mBV6APNc,4,Gafsa,Male
R_2BrKWDYACJ9HsKo,4,Gafsa,Male
R_1li22W3GFxecqFV,4,Tunis,Female
R_1nTvpm3sLPYeFLC,2,Gabès,Female
R_aaCeLratJLnHl97,3,Ben Arous,Male
R_STR76vCpmCAUyWJ,4,Gafsa,Male
R_1mWzUVatahwBRo5,3,Gafsa,Male
R_2tDprXXt2F0P9Gz,3,Gafsa,Female
R_3CZLOMprfXKlqZP,2,Gabès,Female
R_3HtpJ4dy5GTPT1Z,3,Ariana,Male
R_29gnqPH7OGrbhb8,4,Gafsa,Other:
R_3QQmJ1z6tnpRmjL,7,Tunis,Female
R_3nIyonCeBIh2S8z,3,Gafsa,Male
R_215MX4isOo6sw3u,2,Bizerte,Female
R_W2NbaLw4Vc3oFnr,4,Tunis,Female
R_07F0Rh0IKgqp3JT,1,Bizerte,Female
R_1K2YoyajhDtLgVY,3,Siliana,Male
R_3sbPBvpNL30gGtO,5,Bizerte,Male
R_2PbVFpuxLNMrmrC,3,Tunis,Male
R_T1vbQOnrxbyQhTb,5,Sfax,Male
R_wXh14DBaFgbTEaZ,5,Sidi Bouzid,Male
R_3kzgd12vkRQmHfe,3,Siliana,Female
R_2qafev2ZvFKKsh9,5,Kairouan,Male
R_QhouVJeXpc72xP3,4,Tunis,Male
R_3j0ejqqsSfKaRKo,1,Sfax,Male
R_3FOO2ZRa38Pe1Wj,6,Nabeul,Female
R_2TZ3TIyTEbfK1Dp,3,Mahdia,Male
R_SBlhH4986PJlbcB,2,Tunis,Male
R_1FFHt58rpLEo5ra,5,Tunis,Female
R_1K6LmmhSzdBDAte,6,Ariana,Male
R_XLkSxyN58oGyXXX,4,Kasserine,Female
R_2ZUf6sKexabYQYw,2,Tunis,Male
R_BJOBEWzg0nsiyM9,2,Tunis,Male
R_sndz2HOHyWVxJzb,8,Ariana,Female
R_28N8nja96ZAfCRd,5,Tunis,Male
R_s5vAXwB8onbOPa9,8,Tunis,Male
R_2rwuJG9PSnEZWJt,3,Mannouba,Male
R_1itHij3pG0WM0eD,4,Tunis,Male
R_2dz5rpkN8Bp2mHu,4,Kasserine,Female
R_32XeNPd0AU9Tadh,9,Mannouba,Male
R_3rxQYVnYqZHoJFf,4,Kasserine,Male
R_shU22waoKzwDkWZ,6,Nabeul,Male
R_3P7ULf2om0sTocB,8,Tunis,Male
R_3QJKZgeWZ6RpPmw,3,Nabeul,Female
R_1o57wihXqDPP4Eq,2,Tunis,Male
R_tYYKh0xwD4tDfPj,7,Tunis,Male
R_1LnZoQAmr72X7gZ,2,Sfax,Male
R_10SnivemXHxLRk7,4,Nabeul,Female
R_2fp0KNeaKW9NZsz,2,Gafsa,Male
R_3QJjrk2hrpqvir9,7,Sousse,Female
R_2pWydKtxlwxsIDt,5,Tunis,Male
R_1jeuFlMCbwnrG9X,5,Tunis,Male
R_3soVhI9MH8IPl4s,4,Tunis,Female
R_2aP0jFGmHW6OgE0,5,Tunis,Other:
R_2EGMjdfdPrwbUCM,5,Ariana,Female
R_3meIqGtiQv3zj46,4,Tunis,Female
R_3KPGQcp3I7zp2UQ,8,Tunis,Male
R_1jBcJg8PQ5cnxOY,4,Tunis,Female
R_2P5ysG5miSl92HL,3,Tunis,Female
R_3M6d4s7COlPTx7B,5,Tunis,Male
R_25swGka6pGLNn4w,3,Tunis,Female
R_xxhcRThRmLnz14d,3,Ben Arous,Male
R_2e8TsR4qEbOt7GU,7,Ben Arous,Female
R_Uat3tDsVKYNOIfL,3,Tunis,Male
R_1ozsfqp4o0T41bo,1,Gafsa,Male
R_2YgndNZPCOpHonZ,1,Gafsa,Male
R_2Eid6SjcOozlfGG,1,Sfax,Female
R_1HnIZi3TXHHaM1q,2,Béja,Female
R_31bkI02QpCRforD,1,Gafsa,Male
R_2f6VIOlkztIVsvt,5,Nabeul,Female
R_9sEhn1TWBlb64OR,1,Médenine,Female
R_5bAY60EJT3lRjb3,2,Tunis,Male
R_2ymdQO9VPlAxLk5,5,Tunis,Other:
R_3RrdqEXP0liugYK,1,Kasserine,Male
R_2CUGeUroTksz3MU,2,Gabès,Male
R_1OwxzG8N0be3jXB,5,Tunis,Other:
R_00N4I7BzBeDtRxD,2,Sousse,Female
R_3e4vCp11yXSjiYg,6,Kasserine,Female
R_4UA5pkkGIHb1RTj,1,Gafsa,Male
R_1dKAesfrXJJpvHl,8,Gafsa,Male
R_2pLv5ADunWbA3sh,9,Tunis,Female
R_3ewyBype4RMKvU1,1,Gafsa,Male
R_2VgcunwueJ2JvLJ,1,Gafsa,Male
R_3EGdPU5yCqk1ifE,1,Gafsa,Male
R_yWQ4cYYwu4qfzbz,8,Monastir,Male
R_3ekUwZCBldGjNVX,2,Gafsa,Male
R_2y7UIhtXCoWw2si,11,Tunis,Male
R_33yA2efrFWtq65L,2,Gafsa,Male
R_2P0ZH9vDgNXQaai,1,Gafsa,Male
R_rrqchcMk5FeGYk9,3,Gafsa,Male
R_1KpVB9SXJCQ0KBV,1,Gafsa,Other:
R_V2PKOuvSTIDCKdz,4,Gafsa,Male
R_2CJ0zaBDzHMW1g9,4,Béja,Male
R_2dhTRr3h7Nqh7Up,3,Bizerte,Female
R_3scP9qCVcZ5qu8R,6,Tunis,Male
R_2QMbkMMhaCa3hPj,1,Gafsa,Male
R_30kJSNRYGRMD0EW,4,Gafsa,Female
R_SDfXA85eALmnHBn,2,Tunis,Female
R_7VsxICJkHSfClCV,9,Tunis,Male
R_2c79LpdrLxLjRmj,4,Kairouan,Male
R_cXWTeyRowXLYU81,9,Tunis,Female
R_1nVnDpFIhb7I5l4,1,Gafsa,Male
R_qPigjfYey4PVagh,2,Gafsa,Male
R_2y0WUC7Iv2rS1u4,1,Gafsa,Male
R_2RPN5mtSS1LxBo7,2,Tunis,Male
R_2BzjBlb6YcOlfbM,2,Gafsa,Male
R_SZ49KHeZZZ3PgiJ,1,Gafsa,Male
R_1i4EZjk55k0M4PC,2,Tunis,Female
R_2pY6kx1Qv4Ig26q,3,Tunis,Male
R_3fpovaGOQn0bJFE,3,Gafsa,Female
R_3MxPDo4DDNuaiZL,2,Tunis,Male
R_WojoqNBCuqcaG0F,6,Ariana,Other:
R_3nARGmcLR99SBIF,6,Gafsa,Female
R_yWIDIBu0xhXhqZb,2,Siliana,Male
R_1Lo2xdpHmp0Xo2y,3,Médenine,Male
R_3HjNmqtUl6kSBFp,2,Ben Arous,Female
R_AgnHxth4Jx73xPH,2,Gafsa,Male
R_2eUXqpZSUzn2hZS,5,Tunis,Male
R_2EbjNcYgq87uAnd,5,Ben Arous,Male
R_qyyFoWUg8JMX0ch,3,Ben Arous,Female
R_2Y2GPMEMIRHaWjD,4,Kairouan,Female
R_10wusUqZcbq2eec,4,Ben Arous,Male
R_2WUuQr1x7SR1seE,4,Tunis,Other:
R_3qwdyQpa2KYWdc0,2,Ben Arous,Female
R_3ilffKjkBDxj4JL,2,Ben Arous,Female
R_2ZQDKpGZS2aNh8H,2,Tunis,Male
R_2SjZVNGDxVRiDWe,8,Ben Arous,Female
R_3EhtMbIZB5oOm94,3,Ben Arous,Male
R_3NE6CAv1swYLoHO,1,Gafsa,Male
R_33wLs5KSRAZZrAx,10,Ben Arous,Male
R_3gT1d4T5KtRAFEy,2,Tunis,Male
R_qxyVTsG9yO1rAB3,1,Gafsa,Male
R_33qjJ3l3VqFvMZt,10,Ben Arous,Male
R_1C8sXNxrth5K4yW,2,Tunis,Female
R_1GwqDpCj000HrVf,3,Ariana,Male
R_3R7bNQOXxpSOnrH,2,Tunis,Male
R_1g5eCWdM4nGvYqa,9,Tunis,Male
R_3PjKpuGQ72D0An4,6,Tunis,Male
R_2UbdDtkwenisANj,3,Gafsa,Male
R_2bKsQISsXEHoQME,4,Ben Arous,Male
R_3L0xKQcBESfKIOi,3,Ben Arous,Male
R_3e9u9LoA69kg7Be,4,Ben Arous,Male
R_3EZjnsum8V6zLh4,3,Ben Arous,Male
R_xz4q9OZrl89uBzj,2,Gafsa,Male
R_1i9CdnTWT8Ctq82,2,Ariana,Female
R_3hGaAaIm9zKObGa,4,Ben Arous,Female
R_3HukmENouxfZ1uZ,5,Ariana,Female
R_1Qt04IDuyRUOJod,3,Siliana,Female
R_1FwXDza0Mjfs7pj,2,Gafsa,Male
R_25z1xlrmyKpb3sN,2,Tunis,Male
R_2AF1zeeGEXXZ3sc,1,Gafsa,Male
R_1MPRkllIERyLTRP,3,Tunis,Female
R_3ix85PeeEueeNb9,2,Tunis,Male
R_2fuR44Qb5JCUwYc,4,Tunis,Male
R_1IW4wN5gm3fX1tT,2,Gafsa,Other:
R_1gAYJ6aZiTPnT5X,1,Gafsa,Male
R_6EyAM5eNzubobN7,7,Gafsa,Male
R_3MG2QJPFJ3gU7v2,3,Nabeul,Male
R_3GfiuUUYIASlv9Q,1,Kebili,Male
R_3fcRg34cTzsYQmu,1,Gafsa,Male
R_1jJLIBCClbhaiiR,7,Médenine,Male
R_ZIF4IYZWLW81cT7,11,Gabès,Male
R_yC1m8sFrFA89SG5,3,Ben Arous,Female
R_27ExbjvhIelg4kH,2,Béja,Male
R_bmHhtRfcGfCdrLr,2,Gafsa,Male
R_1MSqYzXWCjPRDYW,3,Ben Arous,Female
R_2BrmCoV0zOUv9Pk,10,Ariana,Female
R_21HRG5BcqDCX8i7,1,Gafsa,Male
R_2tkTH6OY5NFA8Uo,2,Gabès,Female
R_W68QCIocvMbner7,10,Ariana,Female
R_1FRLawhiymBlVrU,10,Ben Arous,Female
R_ukNXAzYvj8H4h5T,10,Ariana,Male
R_3jYEBChsaqPHogp,3,Gafsa,Female
R_1jp98ynX3vdVfku,5,Mannouba,Male
R_3rMyyaeqmAB6qci,6,Sfax,Male
R_1IouRbxhy8cE3wJ,4,Mannouba,Male
R_2DRD3rhoWizMCnd,1,Gafsa,Male
R_1LBz996O30kghCT,10,Tunis,Male
R_40cI6JLhXbX2POp,1,Gafsa,Male
R_ysuSZDfzAe3XYHf,2,Gabès,Female
R_2VpCTQfhIO2aMTu,7,Tunis,Male
R_3oA3G6zmFHqDRnm,3,Gafsa,Female
R_3JgXDKR46Z1a7qe,3,Tunis,Male
R_1GxGOkhvo3JNXVu,1,Tunis,Male
R_2Xgnv4pGmYbXJtp,10,Bizerte,Male
R_3HugEiO9lTAuccg,2,Tunis,Male
R_1pVCNtxyO9bwP5l,1,Gafsa,NA
R_2320tLk4BJL3JB5,3,Gafsa,Female
R_3ENoU9xGSVk2Srs,2,Tunis,Male
R_2t6db7s6Byghp00,5,Bizerte,Male
R_2QKuytHKqHIY5IV,4,Gafsa,Female
R_9miV7p30OQWoHVD,4,Gafsa,Other:
R_eL0lV4CN6iIgEoh,2,Gafsa,NA
R_SNLikUQXx9bJwBz,3,Gafsa,Female
R_1gMvmvI2jpeoePv,1,Gafsa,Other:
R_VW1OoBg1WUqa6cN,2,Gafsa,NA
R_24jeKXfFAZKh5xL,13,Tunis,Male
R_2WtXfbNP5Cin0k8,3,Nabeul,Female
R_21EOWgrEeYJBnw8,2,Tunis,Male
R_2S3vSh2jJaz2n9u,6,Gafsa,Female
R_ZlbGYS9DuSyNPod,2,Gafsa,Other:
R_3HIf2jjY7JVgjn0,1,Gafsa,Male
R_24PpyZR6WwjKj72,1,Gafsa,Male
R_UMhG5gQPR9IUqLn,6,Ben Arous,Male
R_ulzAN9Ei3wJEWdz,4,Tunis,Male
R_Bs1v20pugcUTY5j,1,Gafsa,NA
R_3EHglWT4ujrNnvh,2,Gafsa,Male
R_vD353i0ObYEMufD,3,Nabeul,Male
R_1lzamLrk97HlnJG,2,Ben Arous,Male
R_31KJ4qIRaOfGA0m,2,Gafsa,Male
R_21iEvGJZsf0PMr6,2,Ariana,Male
R_BzCzfgvd6tRFs6R,1,Gafsa,Male
R_1LCBakbeiRbGjba,11,Sousse,Other:
R_1QgzrNrnpulgrwX,2,Tunis,Male
R_OALyxTcaSbJ4CcN,1,Gafsa,Male
R_3EEIg1OCoR3ugt7,11,Béja,Female
R_2Bs1wibXDiFaj3r,7,Bizerte,Female
R_2eOoyuOdwY5gmv9,4,Tunis,Male
R_revKyNEZqRlQOf7,8,Tunis,Male
R_6xk0haBBfEFLtYJ,3,Ariana,Female
R_247wogp6veTKYRL,2,Gafsa,Male
R_27WJxiFJlBlK7SN,3,Ariana,Male
R_bOQddiXQ4fjMA4F,4,Tunis,Male
R_290tm90rfrKXSyX,8,Gafsa,Male
R_3Rwu1IhSJ8txpok,3,Ariana,Female
R_tLN4swBcDXipCpz,4,Gafsa,Female
R_3CVOveUhdOrNvcY,3,Ariana,Female
R_2rvgSuNPxKyvOlx,4,Gafsa,Female
R_1IxQCMCqCTNdVdU,5,Le Kef,Male
R_22tbrqj62gkYYCz,11,Ben Arous,Male
R_1NeSNnTjWFw6Ciw,4,Gafsa,Male
R_1Hq1I3QOkyImVN0,2,Gafsa,NA
R_2qaAR8hfaWaVupy,12,Tunis,Male
R_1qflluJe1zAgCke,1,Gafsa,Male
R_3frhJExmk1sDIHx,10,Tunis,Male
R_R4wD4Zj50H7gEfL,1,Gafsa,Male
R_2YFJhOQpi02t6cF,10,Kasserine,Female
R_25LnZ6RiyodiNfq,7,Tunis,Male
R_1F2LMkcZxeoj0eB,11,Tunis,Male
R_1K26mjZW5JMAKov,9,Monastir,Other:
R_24J0vpexxp8xUil,1,Gafsa,Male
R_1Nntw8MomD8uA6R,4,Gafsa,Female
R_1rHxD4GIui9Vyg1,4,Ariana,Female
R_1f30JCSge0SUs4z,9,Médenine,Male
R_21dldKsP3oYEayb,5,Nabeul,Female
R_1lnUmkBy2RHDLBS,3,Gafsa,Female
R_295ha5z249tDx55,7,Gafsa,Male
R_2CrDFfSm1mHMkTv,2,Ben Arous,Male
R_2bJpznOkfpn5NGS,5,Gabès,Male
R_qITHVvWrx0MQNDH,6,Nabeul,Male
R_1gA8ciYPf142NNR,2,Tunis,Male
R_3kB8uu2qpRV5lBM,2,Gafsa,Male
R_1hGOhLqQEkGy9Nl,3,Tunis,Male
R_1FS78GOeO4HvyD1,5,Kairouan,Male
R_pgexgXefHohtn33,5,Gafsa,Male
R_3RsAd6TGlQ67lrv,3,Kasserine,Male
R_2SltLkF1uAokDOv,3,Sousse,Female
R_ZwTj0aWFBs2ocYF,5,Siliana,Male
R_3KVq7twM9knLlux,3,Siliana,Female
R_09t5DdQzbFKOHXr,3,Mahdia,Male
R_1LOjieXTyEeYhiQ,8,Tunis,Female
R_2fe3EWOWwckf4vj,3,Sousse,Female
R_2QDU4UKgavQYkuv,5,Ben Arous,Male
R_3fMHmRFWeWh3fz7,2,Ben Arous,Male
R_11grhNz8zLMc8cH,5,Monastir,Male
R_1nZSC9FfQ2USW0C,5,Gafsa,Male
R_1PSMEcS3Yypc8vS,5,Sidi Bouzid,Female
R_2e5ApQ6SQNScJz0,2,Ben Arous,Female
R_32Sngrnhyv4cfiz,5,Mannouba,Female
R_2QEtqLEHkl9q3sm,2,Tunis,Female
R_3q9vA06PIw86rbM,9,Tunis,Female
R_26lFUHlYpbBImM4,4,Gafsa,Other:
R_1IubF4wZ2rkO7V6,3,Tozeur,Male
R_sFD80ELIrVdKgKt,4,Sousse,Male
R_1BPjqJw4NQlrtl2,5,Gafsa,Male
R_1NskjKEN9lqrxJf,5,Gafsa,NA
R_TpySOwoJNeeRmkp,3,Sfax,Female
R_6Lsd11aPDAEqYlb,5,Tunis,Male
R_0JTO8zsLjsZuQxj,3,Sfax,Other:
R_sXTzm1VozPQpf5T,2,Ariana,Female
R_T14FxBu9Svj8EZb,4,Gafsa,Male
R_22FIxZQy7z7vNCS,6,Ben Arous,Female
R_2aQWHXmzb8kwfue,7,Gafsa,Male
R_9NYdaaktKJTjlZL,3,Tunis,Other:
R_2uNE0OnXXaKMSzP,2,Tunis,Female
R_10o7mbAzy1Y8SjQ,8,Tunis,Female
R_1GOfISDOu89VVL4,4,Gafsa,Female
R_1eFV98Ki5WghcAy,2,Tunis,Female
R_p4dAizGALdFQTaF,3,Ben Arous,Female
R_7TZPx0gpVYOrrHz,2,Gafsa,Male
R_2qkKGoawwR6tiuu,2,Gafsa,Male
R_1q97QWbTGnOPH3p,2,Ariana,Male
R_1E9VcEZy7ez118r,1,Ben Arous,Male
R_w7uYZuurhlmVHJT,2,Gafsa,Female
R_3341PaNlOPr1dFf,3,Gafsa,Female
R_UaNbY3YsXRj5itb,1,Gafsa,Female
R_1qeuJXcv73lsRSo,2,Gafsa,Female
R_2zSa6K0hZ6tvtwQ,3,Gafsa,Female
R_AnaTBYCkjFFD2Df,4,Gafsa,Male
R_2R9RXXWU6lEnZJ8,2,Gafsa,Female
R_RgcpCvPYDUirptf,5,Monastir,Female
R_30qKKd2mn1e4QXw,9,Tozeur,Female
R_bqKShy6cmb7yKCl,5,Nabeul,Female
R_1Rjf8JA1y9b38c1,2,Tunis,Female
R_vThZUVSKj8AYKDT,4,Gafsa,Female
R_2eQIjhUVLZ4NOFp,2,Gafsa,Male
R_1E0TWmaeC9ntike,2,Gafsa,Female
R_1rIfYX7H6UD0W2h,5,Sfax,Male
R_2U4O1IufO6SVTs6,4,Gafsa,Other:
R_1f2ThrbunlCxGXf,2,Sfax,Female
R_1dKtK3vd7IRcgiJ,3,Gafsa,Female
R_2tfoFEfsFM6YO9m,2,Gafsa,Female
R_1CHEi5vqvxz0izp,2,Gafsa,Male
R_pH7ZZxsAGzcaveh,2,Sidi Bouzid,Male
R_1k2kmFEXXp3xMB8,3,Gafsa,Male
R_3PzqmT2vMbdDSPQ,10,Nabeul,Male
R_1mxt6272wgCEIO9,3,Kasserine,Female
R_2XcxuLcHVkJNxQE,3,Tunis,Female
R_3kbJC4XO7uFgmF2,3,Gafsa,Male
R_bfNkfNOIhL2bJjb,2,Sousse,Female
R_pKkHolKfTuhdOiR,2,Tozeur,Male
R_3LYE7uqSBvbtW2e,2,Gafsa,Other:
R_RsPiRUrNGc2tAtP,2,Gafsa,Male
R_bC2P3Ms6esaVnCp,2,Gafsa,Female
R_8caGDIz3LdjDmY9,3,Gafsa,NA
R_Qoe8VRZdedkzqeJ,10,Mahdia,Male
R_2CZXZpTM3usXKoP,4,Mahdia,Male
R_1qaGZqDQmna8SAj,8,Mahdia,Female
R_1rD16ULgia4KMvM,6,Gafsa,Male
R_1Fs5FbGoNyIVNuu,2,Ben Arous,Male
R_1pyV2pRq0t1uIue,1,Sfax,Female
R_3RraVu4WTHVjlUJ,1,Sfax,Female
R_3QJlOEnJlH44erL,3,Gafsa,Female
R_79ZD729a7g0rpWF,1,Gafsa,Male
R_yszKKnzL7S72cXD,2,Gafsa,Female
R_302Ui2l9ArOPPad,2,Sidi Bouzid,Male
R_2DMK99QQAiL4ETx,4,Gafsa,Male
R_3J8iiG8TthqLcqJ,2,Bizerte,Male
R_3iCoDTTHjEjwecY,2,Gafsa,Male
R_YW9JwGPppccs7SN,2,Gafsa,Male
R_1GHsbH6yjAyMvA2,3,Béja,Male
R_1d49eA0c5SPsUPt,1,Ariana,Male
R_74l5uySQ4HQclvH,3,Sidi Bouzid,Other:
R_33BECVPeDONED9C,2,Gafsa,Male
R_sjwCi1lswLBHkxr,2,Nabeul,Male
R_siLXmPYU0ztIVeF,2,Gafsa,Male
R_1Ib0zZhmSqwJgkK,3,Sfax,Female
R_21iBWbBgTeLgonw,4,Mahdia,Male
R_6R35ltgDb4zD0Ix,1,Sidi Bouzid,Other:
R_276U22GVZZWEwRU,2,Gafsa,Female
R_8IDvSIIJX4731Tj,3,Sidi Bouzid,Male
R_2ZBIgFEIEH9JtLS,3,Gafsa,Male
R_01BUQp7axxNVpnz,3,Sidi Bouzid,NA
R_rdQK5WYso1Z9Feh,1,Gafsa,Male
R_31NuyB2mdFYd70D,4,Gafsa,Male
R_3oAgoYrRXn3sRnW,9,Gafsa,Male
R_3FIMB6qxpC8Jpdy,4,Sidi Bouzid,Male
R_1r2JbqxxJuMdRU1,4,Gafsa,Male
R_26eZu09DcQhlLTR,2,Béja,Male
R_1ffHZewOPTlA2dq,3,Gafsa,Female
R_1rv4V6RMawG3xe5,2,Sidi Bouzid,Male
R_24bHcSDWk8GJQc5,3,Sidi Bouzid,Male
R_WBfqkyu2ozKxXxv,3,Kasserine,Female
R_2cjR9Iwj6QIBwZQ,10,Gafsa,Male
R_u3P9tvltlzybnNv,4,Gafsa,Female
R_0JHSWXOXrPmWSWJ,4,Gafsa,Male
R_2pMnv5XORqDDPHs,3,Gafsa,Other:
R_rjNO9SYoQLaQ5yh,4,Sidi Bouzid,Male
R_2y7LW6F07v7IIZI,4,Gafsa,Male
R_CmEX3MZvYOQe0H7,3,Tunis,Female
R_2WxkBLhTH9u9iTv,2,Sidi Bouzid,Male
R_3NUt67GHQjlS4Wh,1,Nabeul,Male
R_ZEppLh9Z9z7UnJL,5,Mahdia,Female
R_30rj4WpJ8Vc63Pr,4,Gafsa,Female
R_2BtYIxB3QBWC7ec,2,Gafsa,Male
R_2YGvKXItZkFFLcA,1,Gafsa,Female
R_2cBkQJgM4FndeSs,1,Gafsa,Female
R_2arTofKs75hlN1g,1,Gafsa,Male
R_24u7fPI6Be39JHt,2,Tunis,Female
R_ebT78tSqFTKtRXb,3,Gafsa,Female
R_9KtM3L35e7adGXT,5,Gafsa,Male
R_2YR2esejVHKJ4vE,2,Gafsa,Male
R_3hAfxYwqSIr8lVx,3,Sfax,Female
R_2bUKhYFku22dEVZ,3,Sfax,Male
R_1gLo63SBmu5o7qw,6,Mahdia,Female
R_3erYiEazkEUAz1y,4,Gafsa,Male
R_2qreWvGmtas0iGZ,2,Kairouan,Male
R_T5V0V3PhEGK7iX7,3,Gafsa,Female
R_2bIUvuD0MEqKA3o,3,Gafsa,Female
R_XyQf06FQ78OkuQN,2,Ariana,Female
R_UneJTJ5FDGFaPPr,2,Mahdia,Male
R_1dc1w3xAQsFH4hE,3,Gafsa,Female
R_2tG9eBQ6jt5mdsF,1,Zaghouan,Male
R_tMyJFk2KLAH9WsF,5,Mannouba,Female
R_2VxVMz9vGZpSbrN,5,Bizerte,Female
R_3nC5Vwbl3K9qFex,3,Tunis,Other:
R_1mEnLlqT13uvQ3j,5,Gabès,Female
R_usS5krjNmAILA4N,6,Gafsa,Female
R_2w5JEMLevsINrvI,3,Gafsa,Male
R_SQ2WzpDjv0dvFUR,6,Ben Arous,Male
R_3MrDRT3F4EgCMm5,2,Gafsa,Female
R_27jb9JHhaWlVWz9,2,Tunis,Other:
R_2Tn4YMzjwfGXKx9,1,Gafsa,Male
R_33qkj9UNyLC43Y1,4,Gafsa,Female
R_2flYK8N4EJB7yYY,6,Gafsa,Male
R_9LjhJQ83zHarGxP,2,Gafsa,Female
R_12EXtU0SsAfrN8c,2,Sidi Bouzid,Male
R_33CLjrJBvHuQ3Ft,2,Sidi Bouzid,Male
R_1K213HEaH4X0Mar,2,Sidi Bouzid,Female
R_3qDtd9OUgaM4yGB,7,Tunis,Male
R_2XcdOaewAwrQvtO,1,Gafsa,Male
R_2QM8USS9ybfZeK2,2,Mannouba,Male
R_26lHbInB1mjR3Jg,2,Gafsa,Male
R_2tfHRd1kAkzYsU4,1,Gafsa,Female
R_cI65v1hoKACykwx,3,Kasserine,Male
R_2P5c6F7LyMistdz,1,Gafsa,Female
R_2s6cspXPiXcmKGf,2,Gafsa,Male
R_1mQQIaTkNgsIkhp,2,Ben Arous,Male
R_3My5qPtE0olmo6m,2,Ariana,Female
R_Tws2zLuX1Q6R4uR,8,Sfax,NA
R_DM3k3sxguVh2qbf,4,Ariana,Female
R_3HzeFePEoXP8eI1,2,Gafsa,Male
R_z2r4P8JTOfysmnT,2,Gafsa,Male
R_1dK0V8jHr9InXwh,4,Bizerte,Male
R_2ARSc5IInrIaUMh,3,Tunis,Female
R_1Fo0vxLpSsKVI7R,9,Ben Arous,Male
R_2RQRfp8ePyUHKSC,2,Tunis,Male
R_2c6KFUCulaWxf00,14,Ariana,Male
R_3dGQq4fQPakUSXd,2,Ariana,Male
R_1FEpH9ODo6VDUdh,5,Le Kef,Male
R_DdWiS0v3Nse5Zvj,3,Tunis,Male
R_3kn9tlV7Bd2grvT,10,Médenine,Male
R_2whw4z9Wxf5wb2W,5,Nabeul,Female
R_PLrrbY5N6gDalW1,2,Sfax,Male
R_3jZGrApvjNe1Okb,8,Ben Arous,Male
R_SNplQyXrhxi6N4R,2,Gafsa,Male
R_2Cftn3GZ0yUINvl,9,Ariana,Female
R_1o6HZwqTyiy6S0r,2,Tunis,Male
R_YbLUkxZi2Aj5jpv,2,Monastir,Male
R_3siXIgPyLIxBCkb,9,Tunis,Female
R_3CbELGDxz4OdXcR,10,Gabès,Female
R_3P5M9RLkuCXlE5S,2,Tunis,Female
R_1OiAUdTxbYHRSuh,7,Tunis,Female
R_vvqa0i3Az2QDd7j,10,Sfax,Male
R_1DI2wGalamFyigC,11,Nabeul,Male
R_3KODUQNMVj0zCpj,10,Nabeul,Female
R_2QSaqJe7fE8RfHL,1,Zaghouan,Male
R_OeXqf8EVl4Fg4tr,3,Sousse,Female
R_2b3MpU6ieM3eFdS,1,Ariana,Male
R_3erjs9EzGffFejx,4,Béja,Male
R_2YArBnDlJex5abq,6,Tunis,Male
R_W8qc1ByXNgmE6Y1,9,Kasserine,Male
R_vcca4YkYA0jHutH,2,Kasserine,Male
R_2dKYXMhmeD21DSO,11,Ariana,Male
R_2rwmiFymSFzvAlP,1,Gafsa,Male
R_sgMPmv6DB41UQ4F,5,Nabeul,Female
R_2YlDWPJU8UdZJrO,5,Mannouba,NA
R_2TA9G7PWzl8kW70,9,Gafsa,Female
R_2tqWupb46W1v2W5,4,Tozeur,Male
R_OczGGAr5RWOZWg1,8,Sfax,Other:
R_PFFVzfQfGSXzSQV,10,Sfax,Male
R_2TFsZJUGuLN7w3i,8,Nabeul,Male
R_3MtJVihWhjSHcWZ,1,Gafsa,Male
R_1H0rzueS9EgHIz4,10,Tunis,Male
R_1gznOTWoam5Gb8G,4,Mannouba,Female
R_1gT8iQ0KS6kL3EJ,4,Tunis,Male
R_RQtOgmPXfOWfqgh,3,Gafsa,Female
R_1FRkqpfljBX1E50,10,Sfax,Male
R_vBrwuomyLN3a0RH,3,Tataouine,Male
R_1ok8UAGbBA1xyck,2,Gafsa,Male
R_3fwpgCHqs5SS4zO,8,Tunis,Female
R_30r9xzPEEb7lLWV,3,Tunis,Male
R_080MRu2bFKT2G1X,3,Gafsa,Female
R_DUVvXV4guizlBFT,2,Tunis,Female
R_31EP6dpzSZTIa4Y,5,Tunis,Other:
R_1K0SznlvoSA4oJy,7,Tunis,Female
R_1itHwa0AVIr3vrQ,1,Gafsa,Male
R_1ClKE4y0mSj83wu,2,Sfax,Male
R_2TLtfU1lHzOlfOk,3,Ariana,Female
R_2dpgAReOTafzdpp,7,Médenine,Male
R_vjKUFEK8Q9fkIaR,1,Sfax,Male
R_1PcvUb8rXul3EQK,6,Tunis,Female
R_3hhWOt2C29c5xad,3,Gafsa,Female
R_a5wWB7dI584r9jr,2,Gafsa,Male
R_1DwKBKmZkdJ4uem,2,Gafsa,Female
R_2gBfpeOYNti9A1X,3,Bizerte,Female
R_3j2OnRCJ0CutZYJ,5,Mannouba,Female
R_2zf3Yl3OnVpOHCz,5,Kasserine,Male
R_1GNVHu83a7w4hQW,5,Ben Arous,Male
R_1P63csWv8sEe7Yo,5,Mahdia,Male
R_1rDsoqQSYIWnqpv,3,Sidi Bouzid,Male
R_01HM1nyH7V1X3gZ,5,Nabeul,Male
R_2q8ZLKelmrZiv64,5,Siliana,Male
R_3qBVB4Qf1hfmrFe,1,Sfax,Female
R_22MnfQnXkuNmYDN,4,Monastir,Female
R_8ddVve0jRUfrIsN,2,Gafsa,Male
R_RFaYBs41zxStmU1,2,Tunis,Female
R_1IyfwYShoUHEW9o,9,Ariana,Male
R_3iCsq75Vdf1m9Rm,8,Ben Arous,Male
R_3QYGp0I06OujB4z,4,Gafsa,Male
R_2dvet9dfO2woeQS,5,Jendouba,Female
R_3R7OSorviVF7ewE,5,Mannouba,NA
R_pnqTqAsGcwQOqTn,5,Zaghouan,Female
R_3s5k4CPYJ32NoSO,6,Ben Arous,Male
R_b8ird3TbKjd1CqR,3,Tozeur,Male
R_1HnlFsEs8gShnwq,10,Sousse,Male
R_UcDI1Xs6PgDnabT,7,Kasserine,Female
R_1Ok2n9T2zuW0W6P,12,Monastir,Male
R_248DdjeVyaZ4Ut2,2,Ben Arous,Male
R_d5wOtgOR44IKJXP,12,Kairouan,Male
R_vkUaIYLaFc2srp7,2,Gafsa,Female
R_1reK7hcYOG7Jd79,2,Monastir,Male
R_3Uiv2e1nyli1jjz,9,Sfax,Male
R_2OT1id6rmYEQKuC,2,Tunis,Female
R_21ERzjgrSZScGEZ,11,Ben Arous,Male
R_2CepXrM14P43Sha,6,Tunis,Female
R_3s7JqMNsphG2Gvr,10,Kasserine,Female
R_2DOouOpSdtdqIlI,9,Sfax,Female
R_1NeRXGc8iDMPLse,2,Tunis,Male
R_3j0c6xOnRzcFuGL,8,Nabeul,Male
R_2rO5Jr2UrnRAqDb,9,Sfax,Male
R_9BLLLR26VriecIp,3,Ben Arous,Male
R_1jVcqPbiRDmVztp,3,Nabeul,Male
R_3KT9HLoVtGTC9A7,10,Ben Arous,Male
R_3sgkfeP0Uf6xSQC,9,Tozeur,Male
R_570V4Zfea1DqBEZ,8,Zaghouan,Male
R_25uytOXaJwUEyIZ,3,Gafsa,Male
R_1dt1bSzuUsmZYf8,3,Tunis,Male
R_2Ep0n3IY8TwtKAQ,3,Gafsa,Male
R_1mCVgIBxRFK12yg,3,Gafsa,Male
R_1n93afN6rr5ryUm,2,Gafsa,Male
R_O1XWUYbd0jw5M7n,3,Bizerte,Female
R_shQR3vpxR5r5haF,2,Kairouan,Male
R_SJBYmQj76f6F8Od,10,Tunis,Female
R_1eFbRsL0sFkX9aB,9,Gafsa,Male
R_5zrRQcTW3xrSK8V,2,Sfax,Male
R_QiUZFsWZ14d9UVb,4,Gafsa,Male
R_2R2gQS6KQy6N1am,3,Gafsa,Male
R_2c5ADYP2f7V6jF7,3,Gafsa,Male
R_10uqVeL8SOtlWnY,2,Gabès,Male
R_3oX8t5e1600uOjw,3,Gafsa,Male
R_p9HhjgelOtwrQpr,4,Kasserine,Male
R_2vbQYbIYLhrripU,4,Kasserine,Male
R_235laHjKHIhTPgZ,2,Ben Arous,Male
R_2EmyrvWdbKLjZjj,3,Tunis,Male
R_2xPCyoLU8IYpy6u,4,Ben Arous,Male
R_1dj1q3wZxWQk7L5,4,Béja,Female
R_3NWXRzxEEHiRNuf,4,Sidi Bouzid,Female
R_3EfMcrKVsNPPYJL,6,Nabeul,Male
R_1M0sJhvGtR1adlO,10,Mannouba,Male
R_1GEyoSSv9PFXdNm,5,Sousse,Female
R_2Bu5AmMqGNAZOt4,5,Monastir,Female
R_2WUvbWGISrfQ8Ex,3,Kasserine,Male
R_3iz406xNP67rbVS,4,Ben Arous,Male
R_1Kdpx54vYIPDbrd,8,Sousse,Male
R_1N9fCIMr1dtMYiw,6,Gabès,Female
R_3neLm77KvSP4Dyu,11,Monastir,Male
R_1gkGVOmbiMsPP6X,5,Tunis,Female
R_2DUNauONi4ZvA50,3,Monastir,Female
R_3nejFT29AVuSsYi,4,Ben Arous,Male
R_uyRvHGFOHHuf9aF,1,Gabès,Male
R_dgV3L20k6befn2x,6,Sfax,Male
R_1DINCIQiKQRSc7N,1,Gabès,NA
R_1jZdP8ekl8f6hgj,4,Tunis,Female
R_eE9i0MVs0dAZqXn,2,Monastir,Female
R_3GBW6Lsj5nnmWq8,3,Monastir,Female
R_C8QeU5CrX4HZTcR,2,Tunis,Male
R_2upIcQVgybNZjRM,5,Tunis,Male
R_3KYOEQua4hFI2JV,3,Siliana,Female
R_2OON2D45xKlTdGL,3,Kairouan,Female
R_8vamtTqttKeIqiZ,8,Tunis,Male
R_1IgdadAe1670bPk,4,Zaghouan,Female
R_2RQRktXGFXtYBc4,6,Sfax,Female
R_1riGemf9kp0twZT,4,Siliana,Female
R_TpyygaXelBZRvGh,3,Siliana,Female
R_TvYAB3gMmv2ZPbP,5,Gafsa,Male
R_sHzkAlgRg4hdU89,5,Mahdia,Male
R_1mfQGP0zU8rNTeK,3,Gafsa,Male
R_21htScka7JU2MhA,3,Gafsa,Male
R_Rkne6LYSJq1vPQ5,3,Gafsa,Male
R_5otkAz4QBX27rSV,3,Gafsa,Male
R_2DTvL3xq6gA4Wju,9,Monastir,Male
R_1OZu1f7nOl2lsNO,7,Tunis,Female
R_OwnK0CyNGXNgL2p,3,Tunis,Male
R_1ocgdbYHvLNzz2y,2,Tunis,Male
R_1Kxzq2NDBnwhLmX,5,Gafsa,Other:
R_TnK6yYk1aygKRGN,2,Médenine,Female
R_2cCOuhuHHtMoCkO,5,Gafsa,NA
R_3j7CDLXdhZPMqkn,5,Béja,Male
R_9mY5NZ4n4c1vdxT,6,Sidi Bouzid,Female
R_3huzSQ1mB5a6lQi,4,Zaghouan,Female
R_2WJajINcdpAvEHo,6,Kairouan,Female
R_3oYrG4rBC60HwtZ,3,Gafsa,Female
R_2q3KOhHR6sgMUtw,3,Monastir,Female
R_2wG2wMBfPjHXaRT,3,Kasserine,Male
R_V5590M6nkZGoHp7,7,Gafsa,Other:
R_3MGTjEx4ULh3dpv,3,Gafsa,Female
R_2fAKcqnEp74Xd2a,2,Gafsa,Female
R_1LdSFA6OdNMn4mN,4,Kasserine,Female
R_2aCUGHocBItbO3X,4,Kasserine,NA
R_30fd5o0LlbgYw2L,6,Gafsa,Male
R_3DvfGOGc7W18Crg,6,Gafsa,Male
R_3ipPNz1kfZQOd95,4,Zaghouan,Female
R_RxjDcfjOhtGFSE1,4,Bizerte,Female
R_3MbP4w6Q8Xner8i,3,Kasserine,Male
R_1mq1K8e1TfOtEMB,6,Ariana,Male
R_saSfawEEPoR7hPb,1,Gafsa,Female
R_3NyRwRwwF9u1BdG,4,Ariana,Female
R_24wLj7kI9ln6LvG,6,Sidi Bouzid,Male
R_pfIk1fVuU7z6Qvf,6,Kairouan,Female
R_ah0gYKcnX5UcYs9,6,Sidi Bouzid,Female
R_1eEHA7XeB5ACabo,4,Sidi Bouzid,Female
R_2qmUDcV5dVr4zpY,5,Sousse,Female
R_1ZCExmbO677IceZ,3,Sousse,Female
R_2cAQQjmXoaipLCa,2,Sidi Bouzid,Female
R_a8EsvDAqpgNjJBv,5,Sidi Bouzid,Female
R_3J3mQRK1uGtrmZn,2,Sidi Bouzid,Female
R_aaAL0IXI41VQrhD,4,Tunis,Female
R_1QEEIo1tkXjDklZ,6,Sidi Bouzid,Female
R_NX7SZeGyHOyOCIN,3,Gafsa,Female
R_AuqiCNJq6nxW8Hn,3,Ben Arous,Female
R_116q9NvlEC5gqnp,7,Monastir,Female
R_qPHkzKZYHrnVoNX,4,Tunis,Female
R_6WMNRfjrFXC5fjj,4,Kairouan,Female
R_2dSEcPNQu5x1ttw,2,Kasserine,Other:
R_1IhD5mGhkkJGApW,5,Sidi Bouzid,Male
R_3KpYbm4jVW2dSYr,8,Ariana,Male
R_1GK2hqssuCGher0,7,Gabès,Male
R_3iP6SnH3Ve3QkBf,9,Nabeul,Female
R_uwgQfUNVoYCOmCB,2,Gafsa,Male
R_1OpOUr61muBXEKu,6,Ben Arous,Male
R_1imnHRRG7OaSYsf,2,Gafsa,Male
R_30fdEUb6lf81Ovd,5,Sfax,Male
R_UlMlsgtSS6gqKEF,5,Sidi Bouzid,Female
R_z08SVPYpYLkf985,1,Gabès,Male
R_2ZKCtvM0J49Z8pS,5,Sousse,Female
R_2gjMq6rVO6ABU9r,4,Tunis,Male
R_28MuDCgIxJBsnNU,5,Tunis,Female
R_3G0Xy4kfwpQFkOV,9,Sousse,Male
R_3g1HTK0IC08oDEe,4,Kairouan,Male
R_3m2Xv7yixwwu3iJ,3,Sfax,Female
R_2zekxjWmJBWiiiK,8,Le Kef,Male
R_29tvAeomJ9rqirH,8,Ben Arous,Male
R_2xQ4CdwJw1kTiV8,4,Gafsa,Male
R_25svv9LfSjdKkCv,5,Bizerte,Female
R_pPCKEqvbjuOkC7T,4,Gafsa,Male
R_3mgxGvGBS9JvmWj,4,Tunis,Male
R_9RfIpnT3JMswmUp,3,Mahdia,Female
R_2afd7bN1sJrkpEP,10,Tunis,Male
R_2QEV9cFfIW9JXJL,2,Jendouba,Male
R_3Pz6Tp3mbpcrA86,5,Ben Arous,Male
R_2SHPP82m12XAhQC,8,Tunis,Male
R_125wt0KWpKiHKMI,5,Sfax,Male
R_3DbiofNJBJWEiN5,7,Ben Arous,Female
R_242UG4aCecaXSrd,1,Sfax,Female
R_3dPP9DDyaZhMsKP,5,Tunis,Male
R_3LZJmbl6yzjRAD1,5,Tunis,Male
R_2By7e2m4aHea5k7,10,Tunis,Male
R_U9BVpJah6vI5aj7,2,Le Kef,Male
R_2Pw00QwvwVjKcFi,2,Médenine,Female
R_1r6QSFWwg6SmZdk,2,Mahdia,Male
R_2yrxtIN1oJTJt1W,8,Tunis,Male
R_2TRBCFbxKC5tMbt,2,Le Kef,Female
R_1LifVT9kczwsvY8,10,Tunis,Female
R_2uwExBxXUYksQzG,4,Kasserine,Male
R_31g8ol8WldZb3DK,2,Kasserine,Female
R_DBmCo3RoSuPnxnP,2,Kasserine,Female
R_Z8nfVQwivav3tE5,1,Gafsa,Male
R_3QQuyGWaw54VzOz,2,Béja,Female
R_bBfRNJ8rR2EEGxr,3,Béja,Female
R_2bQuMNLcptKG3Vt,3,Jendouba,Female
R_2tlo9rxnW8IDsBw,6,Ariana,Male
R_3PhFdGw3eLDe7Ld,1,Sfax,Male
R_1CftpxxLYUJHAKE,4,Kasserine,Female
R_AM8QbDNC42p1eoN,4,Siliana,Female
R_1P6i8duIvZwXi1D,2,Tunis,Female
R_ODvV9feKEQwDuA9,3,Ariana,Female
R_Thcsq5qkAcz36s9,4,Ben Arous,Female
R_25RQoqLUNMsUt7j,8,Mannouba,Female
R_28RJr0sl4pDHO9b,7,Bizerte,Female
R_3DoTlYmBDpikmDf,3,Nabeul,Female
R_1gSIrDcY6RF7ogy,3,Zaghouan,Female
R_3iUqkoiitLidOvE,3,Siliana,Female
R_1FbtaoKFyDHv5t3,3,Le Kef,Female
R_pu68OWr9vq7l8eR,3,Sousse,Male
R_RE8qHmYiWjoINHj,6,Monastir,Male
R_1ONas8Zr7MuMie4,4,Mahdia,Male
R_DHQEZlFaluFgzGV,4,Sousse,Female
R_DhLll75oBptZxF7,6,Kasserine,Male
R_plLI7VvIRJZR8DD,4,Sidi Bouzid,Female
R_1hKW2tKxLNJL3dq,4,Kairouan,Female
R_3rSzD8ZTbtTwzAJ,3,Gafsa,Female
R_8IiTKmYIPFsJyVP,6,Sfax,Female
R_3r2Pq1Te68Cpohd,2,Gabès,Female
R_2zl73oLQn6G0QjJ,6,Médenine,Female
R_2yeLMTSTdeHpInC,3,Tozeur,Female
R_3lWekXVui95ycAa,3,Kebili,Female
R_27UJzsuiaL31Opl,3,Kebili,Female
R_3MxkmmvT942qLEX,5,Tataouine,Female
R_W6yzPqzmDt5EG6R,3,Kasserine,Female
R_31pyjcTcezxMIGn,2,Kasserine,Other:
R_3khTbkd9zDMzk0I,6,Mahdia,Male
R_3Mcha49CkouWLyv,4,Tunis,Female
R_2Br237BCvIpvbOf,3,Sfax,Female
R_2zkiQCg3P6TZ3tC,4,Siliana,Male
R_2bH6dDICrC3PcIP,4,Siliana,Female
R_2s5NbHcUASOepxU,3,Siliana,Female
R_22tuc9eKhmpGPVf,3,Siliana,Female
R_1rl99MbZcBV0Jfe,4,Kasserine,Female
R_2XcCHNA0AeHoIW9,4,Siliana,Male
R_RXEv18HkBCaP6Vj,5,Tataouine,Male
R_8zT2qvkG9Pjlh7z,3,Sfax,Female
R_3gWmOz0Q7rvWyad,1,Zaghouan,Other:
R_1d3Tez5HDFTHtUs,3,Tunis,Male
R_5tL2hE10ClrW4vL,1,Sfax,Other:
R_3efpX1X7XkO8hlk,2,Sousse,Male
R_1IGEBhq1JdZ17ME,3,Siliana,Female
R_2uCnNZP4LWfnMKf,5,Siliana,Female
R_2PpL8fXo2eGu0UL,5,Béja,Other:
R_DzWlCx5K5X1BSsp,4,Sfax,Female
R_3IRFwPC0qRQMSPY,3,Béja,Male
R_2v7Bhwt6VcKqSNJ,11,Ben Arous,Male
R_urHgb6rFSWSUHmx,6,Tunis,Female
R_2rluPkDrSo5DyBK,3,Gabès,Male
R_3ffaWnHvz8qGzyp,3,Bizerte,Female
R_2E5FQkJnzjZXLSI,8,Sidi Bouzid,Male
R_doLqcST0sJ42qPL,2,Kebili,Male
R_12uadewkpd6suS7,4,Ariana,Female
R_1our51VpPNS2399,3,Béja,NA
R_pLEGBoLOqzdYddn,6,Tunis,Male
R_8ANNsQXlHZwaUCt,9,Tunis,Male
R_3gUEJOMWPSnlEVH,4,Mannouba,Male
R_2OUCx9tSFla4tHV,4,Kasserine,Male
R_1LNl3FgGgoam1ah,5,Tunis,Female
R_1rAiaunjVvTn95R,10,Gafsa,Male
R_24kCQEgMnDDXGKB,11,Monastir,Male
R_3QMLkFA3OqkpH1u,2,Kebili,Male
R_2w47o45y9YiIjVW,4,Bizerte,Male
R_qOXGtQQrBcc1wJz,5,Tunis,Female
R_DobbPaMxy6yD1m1,2,Kasserine,Female
R_2aPRDCDzvbgy7Ef,3,Kasserine,Male
R_pAhewrid9lCnD0t,3,Kasserine,Male
R_3kLC5kyfaUELWoc,3,Béja,Male
R_1FkWzvNR9BTdW3r,2,Mannouba,Male
R_1PY2jq1vIcccRYV,11,Sfax,Other:
R_2QmOkwYBj9xLKWD,11,Mannouba,Male
R_2UbcJndxL7V91uC,6,Tunis,Female
R_3qmrvaPjLLNU0H4,7,Sfax,Female
R_2fpNMzVZB86fdsw,11,Sfax,Male
R_1Kwea7DFACedwoi,11,Ariana,Female
R_3PGBtEF11prp3EB,3,Ariana,Male
R_2cBkQ7ty716CI7e,3,Ben Arous,Female
R_3PBGnl06dnkYJTv,9,Ariana,Female
R_1NeNA4BUD1R60O9,4,Ariana,Female
R_2VwNvakhRSMNl60,2,Jendouba,Female
R_6newT32P1MNuNR7,8,Ariana,Male
R_3egnp9HjtgSTw9x,3,Bizerte,Female
R_28YEik5pJOpx17T,10,Monastir,Male
R_ebM1wQa0mCORZ9D,7,Sidi Bouzid,Female
R_3enbC89xYFKnyUj,6,Tunis,Female
R_1i3YgKzSz97SJGo,3,Nabeul,Male
R_1oBxRkN8GNPoLzg,6,Kebili,Female
R_vpq0dCqcVPEqT0l,3,Nabeul,Female
R_6xo4LxSd9C5dIsx,5,Kasserine,Female
R_3lzCDnWL7J0Lxhr,2,Ariana,Male
R_3KJDD4TASAaBFK0,8,Ariana,Female
R_3oI3Tk4kCvESzHj,11,Bizerte,Male
R_3L7nRzTsZ0dpCSX,10,Béja,Male
R_9tPX3kim1VbL0lj,8,Nabeul,Male
R_2QYENoutwe6nq8s,2,Tataouine,Male
R_9SI4yZp73p0Krqp,2,Sousse,Male
R_OP4tM6s6WTSKVRT,2,Béja,Male
R_3qdO7a8nX2UMrhg,2,Gabès,Male
R_3JjWaNmnqZEr5iq,3,Sfax,Male
R_2BzgvNBFq9nVJCi,4,Bizerte,Female
R_28PcPsUmNQHCkFJ,5,Sousse,Male
R_tKRv78AAU4Wwu3L,3,Zaghouan,Male
R_31KqmD9XO0dweCk,2,Le Kef,Male
R_3Jy21pJnTArKmhs,6,Mannouba,Male
R_2aWa6chcPWF5CL3,2,Kebili,Male
R_2ZQ5M36JIL0SyDj,3,Mannouba,Male
R_10utKXpMtlWqcHS,9,Monastir,Other:
R_22A1g0YbltjDRq8,2,Sfax,Female
R_3hchWS6QteixpiO,7,Tunis,Male
R_2q8k3FMdkDZVpRb,4,Ben Arous,Female
R_2YPyzH7SscmPErN,2,Sfax,Male
R_5toZW1STyZ5QYiB,2,Sfax,Male
R_1hLsjG4yluzX0kb,1,Sfax,Other:
R_yrKDYtVAGo0ELiF,1,Sfax,Other:
R_2wKsBlYJfWmieCs,6,Sidi Bouzid,Female
R_VRnJTgcnCKbNrDX,2,Sfax,Other:
R_3rYYExx4ND70H2C,3,Nabeul,Male
R_tFZ2ZlumXqNsGhb,1,Sfax,Female
R_23V1NYgfDvC8Ixy,2,Tozeur,Male
R_1giEF9c6RVXGcPc,3,Tunis,Female
R_1pyg93YPNs2Ihkb,2,Mannouba,Male
R_2Xn8fhTfAN5e5JL,4,Ariana,Male
R_1QUpHjO95ztHm5r,2,Tozeur,Male
R_2PtXXat6Jx7u1yS,3,Tunis,Female
R_XoZtP1LXA0VN281,5,Le Kef,Male
R_3fviePxwsQZajNK,4,Ariana,Female
R_24Gkcd1niIP9lqL,4,Ariana,Male
R_3fMJZXI82TBZBXE,2,Kasserine,Male
R_u4gRsjGUH1cUrXH,2,Kasserine,Male
R_3r1wd28xcvJRFSz,10,Sousse,Male
R_3P66rIjMr9Su4XV,3,Tunis,Male
R_25z8I6aJbk9iZ3b,4,Tunis,Male
R_3FXmh1Uj2rMTzEZ,3,Tunis,Female
R_3R9N4g10XRc9top,3,Nabeul,Male
R_ut3AYuJLRtcG6IN,5,Tataouine,Male
R_2eUAqgp8yIjWb66,4,Siliana,Female
R_2QzXcPMGDCBLq0o,3,Le Kef,Female
R_1GKD32sO1g2yPD4,7,Kasserine,Male
R_1RkFtdYVhmnquml,6,Tunis,Male
R_12QMU6Ccw9KjnWz,2,Ariana,Female
R_3qqciFYY2N4EBSL,8,Ariana,Male
R_2tino9mcPjKmcGO,8,Bizerte,Male
R_3lGCVteVf6NJojC,9,Ariana,Male
R_1KxPGLcM4ZGE4W0,10,Tunis,Other:
R_C2LGPp2VXkFHSzT,1,Sidi Bouzid,Male
R_2Ve7Oa7rTm7eSlb,2,Tataouine,Male
R_x56pkmR7DUWtz8d,3,Sfax,Male
R_12ckfMDmw9fuFKZ,3,Béja,Other:
R_3KZUIN4E7abAbIh,9,Ariana,Female
R_1F3anPgvEoH7yZP,7,Tunis,Male
R_Xhnm10bZRE0rpC1,2,Sfax,Female
R_3oKKQdakiyppThB,2,Tunis,Female
R_31WX9dyqTAi5unD,6,Gafsa,Female
R_ufyZMdo0UaDSQtH,2,Monastir,Female
R_2rnYa0u8KG6egf4,4,Bizerte,Female
R_Uuuu9lw2EmPjTfH,13,Ariana,Male
R_qDfA5iKc2RkgUFj,3,Kasserine,Male
R_1kOClDf3JHghQLB,4,Gafsa,Male
R_2zRPUbUTiXkWyjT,4,Siliana,Male
R_1g0kPwv37M2GeN1,3,Sousse,Female
R_6eNYvYbLjfAtGh3,3,Jendouba,Female
R_2VIVM8IMLoeOmrb,10,Tozeur,Male
R_3j7kZbRYVOXbmK8,2,Sfax,Male
R_2UaXxOXHMMPPV2y,2,Sfax,Female
R_28LPoySXRgk2eha,6,Tunis,Other:
R_1MZdeJm4Z78qUNe,3,Ben Arous,Male
R_1pntXyw5CA3tFh0,3,Tunis,Female
R_1P8ooJoyHRUYW0b,2,Sfax,Male
R_2D0PYUT4qYrnvf8,7,Sfax,Female
R_2QhTPaDemUNjHDp,8,Sfax,Male
R_0P4UvI3poy6cAjn,3,Kasserine,Male
R_yWTi2iMzaC2ZiUN,2,Ariana,Female
R_1GytjUF0dOiIfkO,10,Sfax,Male
R_3sjmBGcwtPUCmI7,5,Sfax,Male
R_1KfF2zBxdRWXgXV,3,Ariana,Male
R_wTpUs6BuE59AuOt,9,Sousse,Male
R_3Q0gs164oBDObd8,5,Tunis,Male
R_29aEQvxNIzOmNUW,5,Sousse,Male
R_2xzP8HfvRXVXXO7,4,Sidi Bouzid,Male
R_8fgJR95iPfttru9,3,Kasserine,Female
R_3POe9ucSHUkgu51,3,Jendouba,Male
R_9n7CmRHZziVwVW1,3,Le Kef,Male
R_qEZDV7EywH2y5nH,2,Bizerte,Female
R_Q5nz6P1MV1l3rQB,6,Sfax,Male
R_BzdyjpWE7Xt1ug1,1,Sousse,Female
R_1cSyOGVSAn5Sutq,2,Bizerte,Male
R_10rqaYUiYmohA24,3,Tunis,Female
R_OKf1LEFUSQhtw7D,2,Bizerte,Male
R_5ceYrvWiY0p7S9z,5,Ariana,Male
R_3J32qsglr144qGW,2,Tunis,Female
R_1mfuJqqM3G0RUWN,2,Sfax,Female
R_1hSSnGTe5p3WtLY,4,Béja,Male
R_2QKcJNDkrgH38o8,6,Kairouan,Male
R_1OHNGUIIVgSJK71,2,Bizerte,Male
R_3flxHaOYDEGCkcq,1,Ben Arous,Female
R_27PFar7HAYFGAtf,3,Bizerte,Female
R_269JFJ0DSldHL7H,10,Bizerte,Male
R_VL6GLss0gwrrGBb,1,Sidi Bouzid,Female
R_3lDfAcCB9PNS6mI,11,Gabès,Male
R_2fq95gLNbnEyYWx,3,Tunis,Male
R_2U4wtpKGmsXhWLw,3,Ben Arous,Female
R_2sZpYSmHvPSm8fD,4,Jendouba,Female
R_z1OZLU0B7S45Kdb,1,Sfax,Male
R_2aP33HmEUpjWmje,5,Gafsa,Other:
R_eDwaaI7tsDQYKIx,5,Sidi Bouzid,Female
R_2SojIj2ddLxPS0g,7,Béja,Male
R_sNeGlTAaKPj32dr,4,Sidi Bouzid,Female
R_2DZDq78ngzwIvcs,2,Sfax,Female
R_2YtA7xScnCSOGqx,5,Tunis,Male
R_2ZX3nQywQwLV0mL,12,Ben Arous,Male
R_3MtyH97BpXTguY0,4,Sfax,Other:
R_yKn3pt9j5oU61mp,2,Sfax,Male
R_1GDhs0QWghH9Egk,2,Sfax,Female
R_bO3WDXBDnp2GbCN,10,Nabeul,Male
R_2tmqyAicEs3uUKx,2,Jendouba,Other:
R_10vpAiLPt0yk849,2,Gafsa,Male
R_1QnDkwMZtd1ovvk,4,Ariana,Male
R_1OxyU0LtTROvkOc,10,Ariana,Male
R_pcSBi4cumijUcnf,2,Gafsa,Other:
R_3PZEAdhxEKv8dke,1,Nabeul,Male
R_3L7mRfopnTYsF0p,4,Tunis,Male
R_6EuwG9dcKjeaIh3,2,Tunis,Female
R_1j7efAprN3rVvQd,6,Ben Arous,Male
R_1LAM7HSGEwm02PH,6,Nabeul,Female
R_27J67YjUKbiH5jt,11,Tunis,Male
R_3nq4jRkkktiF3sr,7,Ben Arous,Male
R_3ir8bJ1imHFSiI5,3,Mannouba,Male
R_23atO9sfLQgTHy5,6,Ben Arous,Male
R_3Pppd35dKhPWOp0,3,Sousse,Male
R_2mDkiCLj9XS5y1z,8,Monastir,Male
R_2aKapCbnKi1haN2,10,Tunis,Female
R_31TT6PQZQWpTM0B,3,Gafsa,Male
R_2SoY3VO9d8lEzN6,10,Tunis,Male
R_BRNp1qlwk3fsmmB,6,Ben Arous,Male
R_25HPgB4OlJP3Zbb,6,Ben Arous,Male
R_3fUBLxfeIa9poIz,2,Tunis,Male
R_2bKkeB11ZrRhSlO,1,Gafsa,Male
R_UWxiDdhrdwBPkrL,2,Tunis,Other:
R_22Psyhb8DLz3sgx,10,Tunis,Male
R_0SXzgzbWdNHF6EN,8,Nabeul,Male
R_1cU1lb6TQU5JoSp,1,Sfax,Male
R_1ps6MHKWtoQGSph,5,Tunis,Male
R_CadceoeIEhxdVkZ,5,Gafsa,Male
R_3CTsRoMBc82VXEm,12,Ariana,Female
R_217LByrAHBG92gp,9,Tunis,Male
R_1FreY9jITZ3l2sP,11,Sfax,Male
R_2Ubn3eJKaUdFCDl,6,Kairouan,Female
R_2tG56KqN2ivhGOh,2,Bizerte,Female
R_2CrM3FLHEoTU357,4,Sfax,Other:
R_3G18aK2nTTx3NK0,8,Médenine,Male
R_271Dk0yFr2tLbVU,4,Bizerte,Female
R_9F8B14iKtBS9vhL,6,Tunis,Male
R_1F930dFXuajTSH7,12,Tunis,Male
R_1omNL4xYTbNPjYE,5,Ben Arous,Male
R_2zJ6o1hGqsmZigQ,5,Nabeul,Male
R_2e8R2UKZxPEc4u8,10,Sousse,Male
R_31z1g73CxNiPN4d,6,Sidi Bouzid,Female
R_1QbkokTVj586JPg,7,Ben Arous,Male
R_12KekIr4SBfW5y8,2,Monastir,Male
R_2Cd2ObGTpwMp6tp,7,Tunis,Female
R_1ITbG0MWWIWWPvh,2,Monastir,Male
R_2xxWiRvbiffOB2j,8,Tozeur,Male
R_3Ja4fHKGfV8PZ6u,8,Tunis,Male
R_cx9ntAuyWpodWFP,4,Sfax,Other:
R_3HZAGOwVcui89QC,10,Gafsa,Female
R_Bt81EXvvn5pLYk1,6,Tunis,Female
R_Q4lMgtdCCdGUoP7,7,Ariana,Male
R_2doNeqFl9UjEgKr,8,Gabès,Female
R_1IhEBHaJbkjy8V6,8,Sidi Bouzid,Female
R_3CHK4LLSZdMKa6N,6,Béja,Female
R_1XHPl8zKREG5F0B,4,Mahdia,Female
R_1gkjGBFKa5JYkqC,6,Ben Arous,Male
R_3ht41noC37W6oJd,2,Nabeul,Other:
R_qKGzE2dBzQaUpHj,4,Béja,Male
R_3dYNdRGKJjwpCVs,4,Sfax,Male
R_3oL7XByWdPuZoU4,7,Béja,Female
R_3EsPULzHqRpd7AS,8,Ben Arous,Male
R_2644yREnmm8CsEs,1,Béja,Other:
R_3O1vnC4tETGxavY,6,Tunis,Male
R_2afVsl5t9FkPC0d,7,Ariana,Female
R_vjImXKIc7JbxshH,12,Zaghouan,Other:
R_2ylWbZALirle5Kk,4,Tunis,Female
R_6VEOMsSo6QYvru9,11,Tataouine,Male
R_2U6pvXIzr6WG7i0,7,Ariana,Female
R_OJtEVIu5lixfRiV,6,Ariana,Female
R_3R1jNcO3le93Cpp,12,Sousse,Male
R_2WuqHmQdtZwb9TH,2,Ben Arous,Male
R_3MKcmhebr4rCNlK,2,Tunis,Male
R_2qCVLFkJMFGPE8C,10,Le Kef,Male
R_3EnYsYc1SZvNEHQ,6,Ben Arous,Male
R_2VIpG35kw6Mpb5b,2,Tunis,Male
R_1jwFSMOPWwKMVQh,5,Ben Arous,Male
R_25XCV324k4R6iYq,9,Tunis,Female
R_1jlJLlMsnMeRuLj,11,Ben Arous,Female
R_31X8It53ML0UVyT,5,Ariana,Male
R_3n1P3XBuXDMUXtl,2,Tunis,Male
R_3LgSgFyXlKZrmKe,10,Tunis,Female
R_6ywsXV3YSKS8tOh,1,Ben Arous,Male
R_1mXzKLHbu0azEIJ,3,Tunis,Female
R_3HCDSFTqQHZgPCC,10,Tunis,Other:
R_20STRQ6sfIClQCP,2,Tunis,Male
R_2atWUje2Lrwozhe,10,Béja,NA
R_1eQwUk0UPOApWDf,1,Mannouba,Male
R_3oFLGqff8LeI37U,9,Tunis,Male
R_2rHhFVkit1YAMW6,1,Tunis,Male
R_1pWNHn0JJgDLE09,4,Ariana,Male
R_2SdcoUkWde5rt90,5,Gafsa,Male
R_1F9W8sbbaiJQkAL,5,Tunis,Female
R_2DP2SSiJ05CwAdg,7,Tunis,Male
R_bqMH9KXEtCno3Gp,2,Bizerte,Female
R_uypNPZPRFJsk19f,8,Nabeul,Male
R_3GfxxptM9GNpXgI,2,Tunis,Female
R_5uJdiYxb3ZuMXaF,7,Tunis,Female
R_2YRqhsZaQhTno6u,2,Tunis,Female
R_2rr2Damgrsun7xF,2,Béja,Female
R_2q4yoG31Y4MQqiI,7,Mannouba,Female
R_3dVQfCC6OO5v3nP,5,Tunis,Female
R_3nTrmGjmiSooOpb,6,Tunis,Male
R_3p4jB75EmGnO2fi,3,Tunis,Male
R_3JmB0XEKeXEGiFR,6,Tunis,Male
R_1gbW2bkSA51Sy3s,4,Tunis,Female
R_3DdcPn9EoRX1ZOU,13,Ariana,Female
R_6VDJaD74jTFtcfD,12,Ariana,Male
R_2dMcTdU70HK4qMK,2,Gafsa,Male
R_3DoTyi3RLz2pICb,6,Ben Arous,Male
R_2EdfDcbM0IlCjow,5,Ben Arous,Female
R_2D7AkoNqIvGofaA,5,Médenine,Female
R_3oU97drr9jtO3T8,7,Ben Arous,Male
R_A5Petade9Nhhwul,5,Sousse,Male
R_32OSc27Th5ORGDP,3,Siliana,Female
R_sZgOvwiFLZ4A42R,7,Bizerte,Male
R_3kG7laU9D5vdXQo,2,Jendouba,Male
R_2e2V9eebex8yPLZ,10,Médenine,Female
R_3ekQabr0vzqVTiy,5,Tunis,Male
R_1LjtUTFoGCxvQcH,5,Ariana,Male
R_2rUAhASfIPIMRpm,7,Tunis,Male
R_3EDYYWe95eL8zNl,11,Tunis,Female
R_3IWUYtKfTJZN0jV,4,Sfax,Female
R_2ZZWkf1LNmp5IjG,10,Nabeul,Other:
R_1FnpKwY9U2Dxo1P,10,Béja,Male
R_ysAR8TtuT6mU9UJ,5,Ariana,Male
R_u4SGuyrCK8IaXQd,3,Monastir,Female
R_1Qnpb80DDgLWA1q,3,Tunis,Female
R_1jlG4ChHU0FOXnF,8,Tunis,Female
R_1QyBCGjkiXSjVyL,9,Sousse,Male
R_2fCpc4eR0VjEZbM,2,Nabeul,Female
R_2TvG1PFXGidBlf3,9,Tunis,Female
R_UYMvvMSamqxr3cl,4,Zaghouan,Male
R_2uD653Jpc8fiU1F,2,Bizerte,Male
R_1Q9I6mihfoqe7zW,3,Sfax,Female
R_BymBCjDea3kkvdv,4,Monastir,Female
R_30ppxHKFdp57uDG,3,Ben Arous,Male
R_2CftgKv6Wj4nM74,3,Ben Arous,NA
R_1hG1vkim56YBb9o,8,Ben Arous,Male
R_ZmCSgYwGDy3OgO5,6,Tunis,Male
R_2y9ntWwK1EcAeYb,6,Sfax,Male
R_dmv9HFEG9lAQe8p,2,Sousse,Female
R_1gcjjg0cTwUV63n,7,Tunis,Male
R_2e8Of9JMqba7gQp,1,Sfax,Male
R_3fuWnOmELdB9Sut,4,Ariana,Male
R_3FOv6Ke7dmHKdel,7,Ben Arous,Male
R_1kOCls9N27mp8zU,6,Nabeul,Male
R_VPem5qXUsLGbdst,5,Ben Arous,Female
R_W9A6ACpAvgFenKx,6,Tunis,Male
R_3KCUuReURlJpFl7,8,Ben Arous,Female
R_3Pz5JpJV0zCpGuE,10,Bizerte,Male
R_1rwAvsRMUk9Tt6g,12,Nabeul,Female
R_31bZuVWUt9iyQ2T,4,Bizerte,Female
R_Aup76bh4czAmoF3,4,Monastir,Female
R_3MPrEUAcPiRJ5XT,5,Bizerte,Male
R_2uZYaR3vx1HEJz2,3,Kasserine,Male
R_eUN23lN6mT2Sz3H,1,Kasserine,Female
R_2E6uxpyQuCLRE1M,1,Zaghouan,NA
R_232xN0jCLoPWBpi,8,Ariana,Female
R_1jMTj3evEyEvnOo,7,Tunis,Male
R_1QKJ3lDO8i9mPfO,4,Tunis,Male
R_2162Gp77NwbFG64,12,Ariana,Male
R_1Kkd7A8NV0jzEyg,4,Tataouine,Female
R_22KwIVAYsiNceHS,4,Sfax,Female
R_YWUWVvmKRgawZnr,9,Tunis,Female
R_2UfrxHwa2hsGwds,6,Sousse,Female
R_1Q3KH9KRG5hHOAI,6,Tunis,Female
R_1PXzmXtw9G2XaTq,5,Nabeul,Female
R_8oIvb7K1yEa7LKV,1,Tunis,Female
R_3L7RatDqY0x6ZTy,2,Ben Arous,Male
R_3e9UrazXQ6tWiRv,11,Tunis,Male
R_2rkoheIX5pZmLAR,2,Tunis,Female
R_2QVrVQwkFN9Y6k4,5,Nabeul,Female
R_2ClJrM8nozuAoO5,8,Monastir,Other:
R_2vdj9FvRtLF76Fz,6,Sfax,Male
R_cN26tyZDeSF1LNv,9,Sfax,Female
R_sLvKOxu9UE2H9FD,8,Nabeul,Male
R_3p0707TtSwOOrk0,6,Ben Arous,Male
R_9XGdmZyscpp5v7b,8,Sousse,Male
R_3G1ffbMcHixA8N3,7,Siliana,Male
R_3MnRsEWbNM78wRz,11,Tunis,Male
R_qxBGMuVMyj6a2pX,4,Siliana,Male
R_25Rzt4LHG5tcPcL,5,Ariana,Female
R_2dng1QBHyGGgobs,3,Sfax,Male
R_u51Kl7yURqqWJFf,4,Jendouba,Female
R_2uvKL7fyiTuAm4A,6,Kairouan,Male
R_3j1YHRENuSBFGNv,2,Tunis,Male
R_2QYffpUt6SplNWe,2,Tunis,Male
R_3nviYJj86w9r2tz,5,Nabeul,Male
R_1FaMEtTmGaREhtG,4,Sfax,Female
R_2xXJMztTI4JkqjL,3,Béja,Male
R_1NkcOqms4QNxbni,1,Ben Arous,Female
R_2Pd6F3jYdxsVzk6,5,Gafsa,Male
R_2cbwTW0hmHrGgqv,1,Tunis,Other:
R_0dYyt3wWPvy1eOR,8,Nabeul,Male
R_2rPkRbdEPQmXRNo,5,Tunis,Male
R_2qh3Y72rCHdGRap,6,Ariana,Female
R_3hmwAEwHqdNJWMa,4,Jendouba,Male
R_28S9Myplw3PTwpq,4,Tunis,Male
R_1mIx77cFzqRS1OR,4,Gafsa,Male
R_11gMPrKg11GsBy3,10,Nabeul,Male
R_3MiD4L78QVODOfT,5,Tunis,Female
R_1CBHpNQdWFHpTIc,4,Ben Arous,Male
R_DI5iab0vk7jX6il,2,Béja,Male
R_3MAKvbWWXoErBzs,3,Nabeul,Male
R_x9jvFyKOHtrjuQV,6,Tunis,Female
R_1dK1fxZRddfU35h,4,Ariana,Male
R_2ykf9W2ZCrq8ZYT,4,Kairouan,Female
R_3HnnRcZ8FQGQYv5,5,Tunis,Female
R_3nfxYo4tSDqATdy,10,Tunis,Female
R_1GIBUML1FurmGVk,3,Gabès,Female
R_3iR6uxpeyzrMFHr,9,Ben Arous,Male
R_1jdkzU6V650it10,8,Bizerte,Male
R_3rMOiU7kA1S7nNv,2,Ariana,Female
R_Z9MSrKWVckULFjX,4,Sousse,Male
R_1EZMHXNlg33EwLI,10,Ariana,Female
R_20U7wF6Z8c4pZzE,5,Tunis,Female
R_2tGzBdfAoiO309V,4,Ariana,Male
R_1IuxEc97czWNgb5,6,Ben Arous,Male
R_1OHSzyZ1RLhzbc1,5,Monastir,Male
R_1DMi0CEWtvF0X8x,8,Nabeul,Male
R_2qe1kTifp5HmCt6,4,Ben Arous,Female
R_1dtrmUXChoWzyyU,2,Ariana,Other:
R_3iyG9KIH6JTXqZO,10,Tunis,Female
R_2OHGGPBNgLJl9Uu,4,Béja,Male
R_29nzMAKAQkHm5ml,10,Nabeul,Male
R_3EneKcv13cOxsgo,13,Tunis,Other:
R_3EtKUBWj398xdlI,3,Tunis,Male
R_1rBSLzzTsUdZTv6,5,Nabeul,Male
R_339l44O4JhdShf9,5,Sousse,Female
R_1I9MzIlAkEthQBx,11,Tunis,Male
R_3m7UYni4hUs3cUs,12,Mannouba,Male
R_3izlAKSKiguFYHV,6,Béja,Male
R_31AYL0Df3Pob4qS,3,Sfax,Male
R_1IaPDzwc0FqniLE,1,Sfax,Female
R_2cCIxkPrKODEgYA,3,Mannouba,Male
R_269nKZAs6Zh0eV7,1,Sfax,Female
R_2EdfJPbt3tWcAYu,4,Tunis,Male
R_3PAfaXCEpPDQNUP,9,Tunis,Male
R_vi85RvuusBizTdn,9,Bizerte,Male
R_3kB7bEZLIYTBsPc,2,Gafsa,Male
R_2Yumf1WGuJgaiH6,4,Gafsa,Male
R_3mlz7qdcQ9sSNVo,5,Tunis,Female
R_3oMfMXUHYhrUD41,5,Gafsa,Other:
R_8GGcwnuG9W3VgEF,4,Ariana,Male
R_2SHRmTcFTne9lgk,2,Kairouan,Female
R_1QtopIDTQ5f0wLq,2,Tunis,Male
R_12sR2mRmoiPOK2U,10,Tunis,Male
R_1o7GY9MCxhTQ8KA,4,Ariana,Female
R_2fpsOhPZYaDZZYR,2,Tunis,Female
R_efdMM4mkJdRta1j,9,Tunis,Other:
R_Z1ZA6raQCCx1MRz,8,Tunis,Male
R_dd7pw4CU7j5cHap,4,Jendouba,Female
R_1CHj7K4UKoNlv90,2,Tunis,Male
R_12bUKgAyVmaAUAI,6,Sidi Bouzid,Male
R_3G9d8cPIMpEqCzG,7,Tunis,Male
R_zfqpad2HrtMuEKd,2,Sfax,Female
R_2968FLqs0Me0L12,2,Zaghouan,Male
R_1dLCjUpke8QsfOV,11,Kasserine,Male
R_2ZVPEyAYM7s8O1d,4,Tozeur,Male
R_eV7KKO7x7S4VmxP,5,Gabès,Male
R_C3sjDMtf0nUxcSB,6,Ben Arous,Female
R_2viwF1JhYyG3d0H,2,Ariana,Male
R_1Gxi8o9hxSnTgqc,1,Sidi Bouzid,Other:
R_2vcaGVCsbnh7Ywy,7,Kebili,Male
R_24BJNPKBdksfcFS,1,Sidi Bouzid,Male
R_1BYtZ8QdbnO04A8,5,Ben Arous,Male
R_DCSUIrbEvjs6PnP,5,Nabeul,Male
R_2f9D5YcKpXRbhia,3,Le Kef,Female
R_1DU6iv7V41RWmaM,5,Mahdia,Male
R_3qfWSEkkjOSnr4e,4,Sousse,Female
R_BM3FfjvRWGa8HvP,2,Ariana,Female
R_xfnZKGUP1jaYqNr,5,Ben Arous,Female
R_2rOpXzNChj0n9M1,2,Sfax,Female
R_QoHjSGOCrMVLLkl,11,Nabeul,Other:
R_tDPO6WySCGOnfDH,5,Tunis,Female
R_9pm3aftGU0DhK7L,5,Tunis,Female
R_6nf3hkISGimCrQd,11,Monastir,Male
R_3rPl6jfNDjD3qN3,7,Mahdia,Female
R_1PbJJ75V8XqRAeY,9,Tunis,Female
R_1CDUK5GALOy9Beh,8,Ariana,Female
R_3O8M7uUTCFk62EZ,5,Bizerte,Female
R_3LaTdPRNCDWIN8I,2,Tunis,Male
R_5vCyVzI7y0t2jTz,2,Gafsa,Female
R_3fvHgpCkZaGDcMw,8,Sousse,Male
R_efXsncFIG8WPGud,10,Kasserine,Male
R_3BIrVzSg6Xt8Cdj,10,Bizerte,Male
R_r3zFaoStnZqbl9n,6,Kasserine,Male
R_094gMZjlW8FyNWN,7,Kasserine,Male
R_3NONBRtFwF8kpV7,3,Sousse,Male
R_3dK6BqMruYI96lX,7,Siliana,Male
R_2aFYXBR9YL6u5RR,9,Béja,Male
R_1DqbwQsECzAoKk7,6,Sidi Bouzid,Female
R_116jhJSVCpAWkbU,10,Bizerte,Male
R_31BDAEg9V7cKbgB,12,Tunis,Male
R_1F3XYeE0JERhdVB,8,Ben Arous,Male
R_10GYaAkd3BAiZn6,10,Gabès,Female
R_2s5d3aQmEuwr6Co,6,Tunis,Male
R_3qTYbdDO05XYrJR,5,Sfax,Male
R_1LwlGtP690u7jmL,5,Sfax,Female
R_Zyl2R118hFoy5sl,2,Tunis,Male
R_5pvb367dQ80F1SN,1,Sfax,Female
R_20Te3VXaSf8sI7l,1,Sfax,Female
R_eIFg7XXJCO3cNBT,2,Gafsa,Female
R_2PyTSONwyqi98E1,1,Sfax,Male
R_Ry8RLLTT2nWgR1L,1,Sfax,Male
R_3Jbovo9O0LXn12v,2,Sfax,Female
R_1lhoxfRyqKifeJg,4,Ariana,Male
R_10NHqgP2Rwghmeq,3,Siliana,Male
R_1NyokmCVftMUMBW,7,Sfax,Female
R_RlyH1GfZn6aM6MF,7,Sfax,Other:
R_2zeBeI5hu10teuP,2,Sfax,Female
R_2WxmsKKw7NilW1L,2,Ben Arous,Female
R_PZIasOQSNZ9a0rn,7,Sousse,Male
R_1pKwyoF2dM26JG2,5,Sousse,Male
R_OQoqf8T5NZ6tfDX,1,Sidi Bouzid,Male
R_43gE1Mj3B7M8nPH,1,Sidi Bouzid,Male
R_4IoB4Cqzze15nrP,2,Gafsa,Male
R_31u3P6p8aW0jgZX,1,Gafsa,Male
R_cYGmSCAN1PAbFaF,9,Médenine,Male
R_RDoIxO8T7VVduIp,6,Sidi Bouzid,Female
R_2R98Fdu2i8s3YiG,2,Tunis,Female
R_2ttHoNbPVDVvzQ2,10,Ben Arous,Other:
R_22zZTYzWwozlBae,4,Tunis,Female
R_u2Ix8nerIcP8MbD,1,Sfax,Other:
R_u4EpcPHlnMqO093,1,Sfax,Other:
R_6PEV73wz5Oh1Fuh,1,Kasserine,Female
R_12hyE2TNSxVdXDf,3,Kairouan,Male
R_5A3X7tGiUjkZYQ1,2,Gabès,Female
R_1M6xCXtxjQgvHZy,4,Tunis,Male
R_SCVcskMTIbnXsKR,6,Sfax,Female
R_3lsFARaIIKLesUo,7,Kasserine,Female
R_2ccrRvThhQlfrQv,2,Ariana,Male
R_3PbGUA1tZNqk1NB,6,Ariana,Female
R_2CHqrCRuf4XGfxE,6,Tunis,Female
R_2UWtiaQ6SXUTFGN,9,Tunis,Other:
R_3RrvmgLTvNhfRiX,2,Ariana,Male
R_3j3guDfdSDeMGkX,7,Mahdia,Male
R_307yG45ELi4qqya,6,Sfax,Female
R_31ucN0bFBq8kilH,14,Ariana,Male
R_w64SbXFihILnehP,5,Sidi Bouzid,Male
R_1gpE90j5nHIsJaO,10,Gafsa,Male
R_1cRCAXwuYDfg9vT,3,Monastir,Male
R_123EUcs6HkffGtE,4,Tunis,Male
R_3oLxMr99729JH6c,1,Sfax,Female
R_2S684YgrRn9lPkh,1,Sfax,Female
R_1GZbRoJvF1r8S5S,5,Tunis,Male
R_2wGjDi04Nrzaspm,2,Médenine,Female
R_3hiMFWpCz16IAIW,7,Tunis,Male
R_1FljItJ9CrTn3C6,11,Ariana,Male
R_20ZiN61Xrg8WyTD,4,Jendouba,Female
R_RaFrqpPavDHMUU1,2,Tunis,Female
R_2SxlMab2Vb6csDL,5,Mannouba,Female
R_57w18lSN0ISKNAl,3,Mannouba,Male
R_2du8QTsVf8DhdGm,11,Jendouba,Male
R_27ktGpiC16nxUAT,4,Ariana,Male
R_1fmd8oYh4W68pxe,13,Gafsa,Male
R_1MM6XFYpV8rAmWk,3,Mannouba,Male
R_2t9jidECI5QcvAd,6,Monastir,Male
R_2vY7UJbPVGDPbZi,2,Sidi Bouzid,Male
R_W267UQHVz4Uu0tH,5,Sousse,Other:
R_2QM0oDS7cOgBdDi,3,Nabeul,Male
R_125aP3BZliBbmqE,4,Bizerte,Female
R_3sofTFjQ16NA9RA,3,Gabès,Male
R_1rkUz16Ogrx6Ulw,4,Sousse,Female
R_WlcgX6A8a5k2cCd,2,Sidi Bouzid,Male
R_3h5UV1E441IX1Bv,7,Sousse,Female
